geoid,latitude,longitude,latlong
480850317041,32.994912,-96.841001,"32.9949, -96.841"
480850317042,32.995034,-96.834225,"32.995, -96.8342"
480850317043,32.990303,-96.841369,"32.9903, -96.8414"
480850317044,32.989845,-96.835185,"32.9898, -96.8352"
480850317061,32.99333,-96.824641,"32.9933, -96.8246"
480850317062,32.993267,-96.818573,"32.9933, -96.8186"
480850317081,32.993927,-96.81085,"32.9939, -96.8109"
480850317082,32.994362,-96.802988,"32.9944, -96.803"
480850317083,32.991019,-96.797014,"32.991, -96.797"
480850317092,33.005392,-96.789051,"33.0054, -96.7891"
480850317093,33.000644,-96.786764,"33.0006, -96.7868"
480850317111,33.002431,-96.840485,"33.0024, -96.8405"
480850317112,33.002059,-96.833842,"33.0021, -96.8338"
480850317121,33.011834,-96.838727,"33.0118, -96.8387"
480850317122,33.009746,-96.837305,"33.0097, -96.8373"
480850317123,33.006437,-96.836139,"33.0064, -96.8361"
480850317124,33.014514,-96.837824,"33.0145, -96.8378"
480850317131,33.001894,-96.826507,"33.0019, -96.8265"
480850317132,33.005298,-96.826726,"33.0053, -96.8267"
480850317133,33.002318,-96.821276,"33.0023, -96.8213"
480850317134,33.000498,-96.823235,"33.0005, -96.8232"
480850317141,33.005649,-96.821962,"33.0056, -96.822"
480850317142,33.004945,-96.818231,"33.0049, -96.8182"
480850317143,33.009137,-96.824016,"33.0091, -96.824"
480850317144,33.009058,-96.82796,"33.0091, -96.828"
480850317151a,33.009576,-96.800205,"33.0096, -96.8002"
480850317151b,33.003053,-96.810521,"33.0031, -96.8105"
480850317152,33.008968,-96.807577,"33.009, -96.8076"
480850317161,33.001043,-96.801151,"33.001, -96.8012"
480850317162,33.003606,-96.806897,"33.0036, -96.8069"
480850317171,33.007527,-96.798152,"33.0075, -96.7982"
480850317172,33.004863,-96.800443,"33.0049, -96.8004"
480850317181,32.991969,-96.782147,"32.992, -96.7821"
480850317182,32.991938,-96.78908,"32.9919, -96.7891"
480850317191,32.995504,-96.773851,"32.9955, -96.7739"
480850317192,32.994139,-96.778038,"32.9941, -96.778"
480850317201,32.989222,-96.771312,"32.9892, -96.7713"
480850317202,32.989184,-96.773837,"32.9892, -96.7738"
480850317203,32.987459,-96.775494,"32.9875, -96.7755"
480850318043,32.995493,-96.763607,"32.9955, -96.7636"
481130001001,32.818038,-96.734174,"32.818, -96.7342"
481130001002,32.812404,-96.738514,"32.8124, -96.7385"
481130001003,32.818285,-96.744022,"32.8183, -96.744"
481130002011,32.840007,-96.757147,"32.84, -96.7571"
481130002012,32.832555,-96.7575,"32.8326, -96.7575"
481130002013,32.826321,-96.75677,"32.8263, -96.7568"
481130002021,32.825005,-96.765662,"32.825, -96.7657"
481130002022,32.836425,-96.765075,"32.8364, -96.7651"
481130002023,32.829628,-96.765614,"32.8296, -96.7656"
481130003001,32.829631,-96.772429,"32.8296, -96.7724"
481130003002,32.83306,-96.776407,"32.8331, -96.7764"
481130003003,32.826506,-96.779031,"32.8265, -96.779"
481130004011,32.811265,-96.831781,"32.8113, -96.8318"
481130004012,32.811405,-96.825941,"32.8114, -96.8259"
481130004013,32.8063523,-96.8215969,"32.8064, -96.8216"
481130004013a,32.805472,-96.818501,"32.8055, -96.8185"
481130004013b,32.80744,-96.822811,"32.8074, -96.8228"
481130004041,32.821881,-96.830076,"32.8219, -96.8301"
481130004042,32.818046,-96.830697,"32.818, -96.8307"
481130004043,32.8195362,-96.8254056,"32.8195, -96.8254"
481130004043a,32.819534,-96.823763,"32.8195, -96.8238"
481130004043b,32.819628,-96.826781,"32.8196, -96.8268"
481130004044,32.816732,-96.824063,"32.8167, -96.8241"
481130004051,32.814994,-96.819532,"32.815, -96.8195"
481130004052,32.812701,-96.821651,"32.8127, -96.8217"
481130004061,32.833428,-96.850144,"32.8334, -96.8501"
481130004062,32.830213,-96.853937,"32.8302, -96.8539"
481130004063,32.838227,-96.859525,"32.8382, -96.8595"
481130004064,32.834862,-96.855232,"32.8349, -96.8552"
481130004065,32.82287,-96.839721,"32.8229, -96.8397"
481130005001,32.812885,-96.815905,"32.8129, -96.8159"
481130005002,32.804793,-96.809196,"32.8048, -96.8092"
481130005003,32.808467,-96.815335,"32.8085, -96.8153"
481130005004,32.809149,-96.812887,"32.8091, -96.8129"
481130006011,32.832013,-96.821557,"32.832, -96.8216"
481130006012,32.82624,-96.819786,"32.8262, -96.8198"
481130006013,32.826015,-96.826921,"32.826, -96.8269"
481130006014,32.823863,-96.823944,"32.8239, -96.8239"
481130006015,32.820592,-96.820563,"32.8206, -96.8206"
481130006031,32.818166,-96.809678,"32.8182, -96.8097"
481130006032,32.821253,-96.80866,"32.8213, -96.8087"
481130006033,32.816083,-96.814288,"32.8161, -96.8143"
481130006034,32.820319,-96.805127,"32.8203, -96.8051"
481130006051,32.812694,-96.809631,"32.8127, -96.8096"
481130006052,32.807121,-96.804827,"32.8071, -96.8048"
481130006061,32.81817,-96.797971,"32.8182, -96.798"
481130006062,32.815295,-96.806299,"32.8153, -96.8063"
481130006063,32.81177,-96.802593,"32.8118, -96.8026"
481130007011,32.812571,-96.796709,"32.8126, -96.7967"
481130007012,32.808625,-96.799073,"32.8086, -96.7991"
481130007021,32.825247,-96.787164,"32.8252, -96.7872"
481130007022,32.820392,-96.791246,"32.8204, -96.7912"
481130007023,32.818301,-96.79185,"32.8183, -96.7918"
481130008001,32.812052,-96.78516,"32.8121, -96.7852"
481130008002,32.810853,-96.787856,"32.8109, -96.7879"
481130008003,32.808294,-96.782415,"32.8083, -96.7824"
481130008004,32.804,-96.784939,"32.804, -96.7849"
481130008005,32.805972,-96.780169,"32.806, -96.7802"
481130009001,32.816961,-96.784829,"32.817, -96.7848"
481130009002,32.814061,-96.781455,"32.8141, -96.7815"
481130009003,32.811379,-96.776381,"32.8114, -96.7764"
481130009004,32.809923,-96.778632,"32.8099, -96.7786"
481130010011,32.820724,-96.774094,"32.8207, -96.7741"
481130010012,32.822298,-96.779985,"32.8223, -96.78"
481130010021,32.818644,-96.778795,"32.8186, -96.7788"
481130010022,32.814772,-96.77426,"32.8148, -96.7743"
481130011011,32.810955,-96.768205,"32.811, -96.7682"
481130011012,32.820186,-96.765868,"32.8202, -96.7659"
481130011013,32.813346,-96.765,"32.8133, -96.765"
481130011021,32.821511,-96.757076,"32.8215, -96.7571"
481130011022,32.818641,-96.757403,"32.8186, -96.7574"
481130011023,32.81528,-96.757983,"32.8153, -96.758"
481130012021,32.805873,-96.730886,"32.8059, -96.7309"
481130012022,32.806013,-96.74059,"32.806, -96.7406"
481130012023,32.806993,-96.736472,"32.807, -96.7365"
481130012031,32.803148,-96.743049,"32.8031, -96.743"
481130012032,32.80198,-96.745581,"32.802, -96.7456"
481130012041,32.80017,-96.750023,"32.8002, -96.75"
481130012042,32.797498,-96.746695,"32.7975, -96.7467"
481130013011,32.803582,-96.753415,"32.8036, -96.7534"
481130013012,32.806181,-96.752964,"32.8062, -96.753"
481130013013,32.805981,-96.756688,"32.806, -96.7567"
481130013021,32.800682,-96.759469,"32.8007, -96.7595"
481130013022,32.801724,-96.766291,"32.8017, -96.7663"
481130013023,32.800191,-96.763514,"32.8002, -96.7635"
481130014001,32.806051,-96.762847,"32.8061, -96.7628"
481130014002,32.804185,-96.76904,"32.8042, -96.769"
481130014003,32.809663,-96.761341,"32.8097, -96.7613"
481130014004,32.808583,-96.757597,"32.8086, -96.7576"
481130015021,32.797232,-96.769584,"32.7972, -96.7696"
481130015022,32.793102,-96.77222,"32.7931, -96.7722"
481130015023,32.793984,-96.766578,"32.794, -96.7666"
481130015024,32.792508,-96.764777,"32.7925, -96.7648"
481130015031,32.806194,-96.773151,"32.8062, -96.7732"
481130015032,32.803107,-96.776765,"32.8031, -96.7768"
481130015033,32.799357,-96.780588,"32.7994, -96.7806"
481130015041,32.805988,-96.769773,"32.806, -96.7698"
481130015042,32.800518,-96.77565,"32.8005, -96.7756"
481130015043,32.799789,-96.772705,"32.7998, -96.7727"
481130015044,32.796831,-96.776399,"32.7968, -96.7764"
481130016001,32.794225,-96.788045,"32.7942, -96.788"
481130016002,32.799772,-96.789412,"32.7998, -96.7894"
481130017011,32.79179,-96.79504,"32.7918, -96.795"
481130017031,32.803314,-96.7971,"32.8033, -96.7971"
481130017032,32.794337,-96.796912,"32.7943, -96.7969"
481130017033,32.798724,-96.796704,"32.7987, -96.7967"
481130017041,32.796698,-96.799733,"32.7967, -96.7997"
481130017042,32.790434,-96.802627,"32.7904, -96.8026"
481130018001,32.805451,-96.800991,"32.8055, -96.801"
481130018002,32.800471,-96.804562,"32.8005, -96.8046"
481130019001,32.79573,-96.807688,"32.7957, -96.8077"
481130019002,32.795474,-96.812426,"32.7955, -96.8124"
481130020001,32.760222,-96.819731,"32.7602, -96.8197"
481130020002,32.758392,-96.815409,"32.7584, -96.8154"
481130020003,32.753467,-96.813268,"32.7535, -96.8133"
481130020004,32.751967,-96.819592,"32.752, -96.8196"
481130020005,32.755826,-96.814621,"32.7558, -96.8146"
481130021001,32.782482,-96.804762,"32.7825, -96.8048"
481130021002,32.783214,-96.797776,"32.7832, -96.7978"
481130022001,32.790961,-96.787907,"32.791, -96.7879"
481130022002,32.786317,-96.784937,"32.7863, -96.7849"
481130024001,32.797507,-96.758544,"32.7975, -96.7585"
481130024002,32.79299,-96.756271,"32.793, -96.7563"
481130024003,32.795985,-96.754766,"32.796, -96.7548"
481130025001,32.789408,-96.736411,"32.7894, -96.7364"
481130025002,32.787746,-96.740883,"32.7877, -96.7409"
481130025003,32.784585,-96.752494,"32.7846, -96.7525"
481130025004,32.787956,-96.759,"32.788, -96.759"
481130027011,32.774514,-96.737274,"32.7745, -96.7373"
481130027012,32.771413,-96.741386,"32.7714, -96.7414"
481130027013,32.775373,-96.743716,"32.7754, -96.7437"
481130027014,32.77526,-96.747103,"32.7753, -96.7471"
481130027021,32.772636,-96.752386,"32.7726, -96.7524"
481130027022,32.768408,-96.746068,"32.7684, -96.7461"
481130031011,32.780595,-96.796457,"32.7806, -96.7965"
481130031012,32.780122,-96.801145,"32.7801, -96.8011"
481130034001,32.757992,-96.776849,"32.758, -96.7768"
481130034002,32.763775,-96.777688,"32.7638, -96.7777"
481130037001,32.766716,-96.760654,"32.7667, -96.7607"
481130037002,32.76245,-96.766703,"32.7625, -96.7667"
481130037003,32.760191,-96.760329,"32.7602, -96.7603"
481130037004,32.757823,-96.765378,"32.7578, -96.7654"
481130038001,32.753649,-96.761585,"32.7536, -96.7616"
481130038002,32.760766,-96.751573,"32.7608, -96.7516"
481130038003,32.756461,-96.7579,"32.7565, -96.7579"
481130039011,32.763616,-96.743411,"32.7636, -96.7434"
481130039012,32.757231,-96.746987,"32.7572, -96.747"
481130039021,32.744049,-96.755168,"32.744, -96.7552"
481130039022,32.747511,-96.757404,"32.7475, -96.7574"
481130040001,32.75583,-96.770145,"32.7558, -96.7701"
481130040002,32.749533,-96.763774,"32.7495, -96.7638"
481130041001,32.746122,-96.806966,"32.7461, -96.807"
481130041002,32.75229,-96.805474,"32.7523, -96.8055"
481130042011,32.76306,-96.830535,"32.7631, -96.8305"
481130042012,32.751569,-96.8341,"32.7516, -96.8341"
481130042013,32.756662,-96.827885,"32.7567, -96.8279"
481130042014,32.752248,-96.825821,"32.7522, -96.8258"
481130042015,32.752185,-96.829813,"32.7522, -96.8298"
481130042021,32.751733,-96.840797,"32.7517, -96.8408"
481130042022,32.751699,-96.844725,"32.7517, -96.8447"
481130042023,32.753593,-96.85242,"32.7536, -96.8524"
481130043001,32.769298,-96.834229,"32.7693, -96.8342"
481130043002,32.77645,-96.849516,"32.7764, -96.8495"
481130043003,32.769452,-96.844078,"32.7695, -96.8441"
481130044001,32.756392,-96.839243,"32.7564, -96.8392"
481130044002,32.760794,-96.842061,"32.7608, -96.8421"
481130044003,32.758813,-96.853866,"32.7588, -96.8539"
481130045001,32.748273,-96.853786,"32.7483, -96.8538"
481130045002,32.747222,-96.869287,"32.7472, -96.8693"
481130045003,32.74419,-96.863356,"32.7442, -96.8634"
481130045004,32.738422,-96.87017,"32.7384, -96.8702"
481130046001,32.746432,-96.841066,"32.7464, -96.8411"
481130046002,32.747452,-96.847489,"32.7475, -96.8475"
481130047001,32.744393,-96.836678,"32.7444, -96.8367"
481130047002,32.747052,-96.829663,"32.7471, -96.8297"
481130047003,32.747183,-96.834619,"32.7472, -96.8346"
481130048001,32.747609,-96.812946,"32.7476, -96.8129"
481130048002,32.749072,-96.818358,"32.7491, -96.8184"
481130048003,32.743167,-96.820721,"32.7432, -96.8207"
481130048004,32.73793,-96.820498,"32.7379, -96.8205"
481130049001,32.73179,-96.808465,"32.7318, -96.8085"
481130049002,32.741567,-96.803986,"32.7416, -96.804"
481130049003,32.737395,-96.80591,"32.7374, -96.8059"
481130049004,32.731579,-96.802581,"32.7316, -96.8026"
481130050001,32.739829,-96.828956,"32.7398, -96.829"
481130050002,32.739758,-96.834933,"32.7398, -96.8349"
481130050003,32.735837,-96.830855,"32.7358, -96.8309"
481130051001,32.739159,-96.841266,"32.7392, -96.8413"
481130051002,32.73326,-96.844531,"32.7333, -96.8445"
481130052001,32.743685,-96.8501,"32.7437, -96.8501"
481130052002,32.739296,-96.854323,"32.7393, -96.8543"
481130052003,32.738216,-96.850397,"32.7382, -96.8504"
481130052004,32.737688,-96.846357,"32.7377, -96.8464"
481130053001,32.737998,-96.860487,"32.738, -96.8605"
481130053002,32.738065,-96.866249,"32.7381, -96.8662"
481130053003,32.730473,-96.867535,"32.7305, -96.8675"
481130053004,32.732038,-96.860431,"32.732, -96.8604"
481130053005,32.731068,-96.853194,"32.7311, -96.8532"
481130054001,32.731014,-96.818154,"32.731, -96.8182"
481130054002,32.721697,-96.812672,"32.7217, -96.8127"
481130054003,32.727493,-96.818372,"32.7275, -96.8184"
481130054004,32.722731,-96.819576,"32.7227, -96.8196"
481130055001,32.732819,-96.79021,"32.7328, -96.7902"
481130055002,32.726021,-96.796747,"32.726, -96.7967"
481130055003,32.724953,-96.80594,"32.725, -96.8059"
481130055004,32.717392,-96.805682,"32.7174, -96.8057"
481130056001,32.718331,-96.821463,"32.7183, -96.8215"
481130056002,32.710214,-96.818538,"32.7102, -96.8185"
481130056003,32.711161,-96.826195,"32.7112, -96.8262"
481130056004,32.715125,-96.818558,"32.7151, -96.8186"
481130057001,32.690237,-96.796243,"32.6902, -96.7962"
481130057002,32.7076,-96.805521,"32.7076, -96.8055"
481130057003,32.704017,-96.796207,"32.704, -96.7962"
481130057004,32.699103,-96.801458,"32.6991, -96.8015"
481130059011,32.703985,-96.81102,"32.704, -96.811"
481130059012,32.69567,-96.811959,"32.6957, -96.812"
481130059013,32.695626,-96.806388,"32.6956, -96.8064"
481130059014,32.690274,-96.805517,"32.6903, -96.8055"
481130059015,32.687367,-96.810448,"32.6874, -96.8104"
481130059016,32.686514,-96.802006,"32.6865, -96.802"
481130059021,32.704516,-96.818522,"32.7045, -96.8185"
481130059022,32.693842,-96.818521,"32.6938, -96.8185"
481130060011,32.704678,-96.837945,"32.7047, -96.8379"
481130060012,32.708253,-96.834342,"32.7083, -96.8343"
481130060013,32.711057,-96.836785,"32.7111, -96.8368"
481130060021,32.696433,-96.831104,"32.6964, -96.8311"
481130060022,32.70112,-96.833071,"32.7011, -96.8331"
481130060023,32.69695,-96.8344,"32.697, -96.8344"
481130061001,32.696474,-96.855097,"32.6965, -96.8551"
481130061002,32.694894,-96.848414,"32.6949, -96.8484"
481130062001,32.726974,-96.828406,"32.727, -96.8284"
481130062002,32.730079,-96.833347,"32.7301, -96.8333"
481130062003,32.725616,-96.83712,"32.7256, -96.8371"
481130062004,32.717492,-96.837022,"32.7175, -96.837"
481130062005,32.715877,-96.833001,"32.7159, -96.833"
481130063011,32.715266,-96.843939,"32.7153, -96.8439"
481130063012,32.718632,-96.84495,"32.7186, -96.8449"
481130063013,32.717749,-96.850751,"32.7177, -96.8508"
481130063014,32.716522,-96.854413,"32.7165, -96.8544"
481130063015,32.709437,-96.846323,"32.7094, -96.8463"
481130063016,32.70988,-96.84218,"32.7099, -96.8422"
481130063021,32.72615,-96.841987,"32.7261, -96.842"
481130063022,32.726876,-96.849189,"32.7269, -96.8492"
481130063023,32.722343,-96.850639,"32.7223, -96.8506"
481130064011,32.726664,-96.860952,"32.7267, -96.861"
481130064012,32.726178,-96.866153,"32.7262, -96.8662"
481130064021,32.724494,-96.876231,"32.7245, -96.8762"
481130064022,32.731859,-96.873498,"32.7319, -96.8735"
481130064023,32.727911,-96.871303,"32.7279, -96.8713"
481130064024,32.722869,-96.871394,"32.7229, -96.8714"
481130065011,32.729236,-96.894631,"32.7292, -96.8946"
481130065012,32.730986,-96.886075,"32.731, -96.8861"
481130065013,32.731645,-96.880208,"32.7316, -96.8802"
481130065021,32.725706,-96.879851,"32.7257, -96.8799"
481130065022,32.726365,-96.88672,"32.7264, -96.8867"
481130065023,32.722616,-96.885923,"32.7226, -96.8859"
481130067001,32.74497,-96.877732,"32.745, -96.8777"
481130067002,32.746407,-96.884568,"32.7464, -96.8846"
481130067003,32.744363,-96.888108,"32.7444, -96.8881"
481130067004,32.737939,-96.876746,"32.7379, -96.8767"
481130068001,32.751992,-96.868962,"32.752, -96.869"
481130068002,32.753397,-96.862467,"32.7534, -96.8625"
481130068003,32.756844,-96.860531,"32.7568, -96.8605"
481130069001,32.76236,-96.861741,"32.7624, -96.8617"
481130069002,32.761801,-96.869784,"32.7618, -96.8698"
481130069003,32.758598,-96.869588,"32.7586, -96.8696"
481130071011,32.847652,-96.816463,"32.8477, -96.8165"
481130071012,32.841183,-96.818051,"32.8412, -96.8181"
481130071021,32.847817,-96.826021,"32.8478, -96.826"
481130071022,32.848591,-96.833396,"32.8486, -96.8334"
481130071023,32.835104,-96.824841,"32.8351, -96.8248"
481130071024,32.842372,-96.828318,"32.8424, -96.8283"
481130071025,32.83906,-96.825916,"32.8391, -96.8259"
481130072011,32.863751,-96.874314,"32.8638, -96.8743"
481130072012,32.859805,-96.870345,"32.8598, -96.8703"
481130072013,32.859931,-96.874889,"32.8599, -96.8749"
481130072014,32.857029,-96.876522,"32.857, -96.8765"
481130072015,32.854989,-96.875223,"32.855, -96.8752"
481130072021,32.862704,-96.869258,"32.8627, -96.8693"
481130072022,32.86136,-96.866977,"32.8614, -96.867"
481130072023,32.859256,-96.86595,"32.8593, -96.8659"
481130072024,32.864769,-96.86814,"32.8648, -96.8681"
481130072025,32.862895,-96.863401,"32.8629, -96.8634"
481130073011,32.858367,-96.818437,"32.8584, -96.8184"
481130073012,32.859969,-96.813462,"32.86, -96.8135"
481130073021,32.856409,-96.841908,"32.8564, -96.8419"
481130073022,32.856856,-96.825339,"32.8569, -96.8253"
481130073023,32.858762,-96.830609,"32.8588, -96.8306"
481130073024,32.86184,-96.842718,"32.8618, -96.8427"
481130076011,32.889735,-96.828198,"32.8897, -96.8282"
481130076012,32.883762,-96.832179,"32.8838, -96.8322"
481130076041,32.890449,-96.791725,"32.8904, -96.7917"
481130076042,32.883269,-96.791405,"32.8833, -96.7914"
481130076043,32.887013,-96.799739,"32.887, -96.7997"
481130076051,32.887352,-96.815133,"32.8874, -96.8151"
481130076052,32.886901,-96.806496,"32.8869, -96.8065"
481130077001,32.876721,-96.791192,"32.8767, -96.7912"
481130077002,32.867086,-96.799448,"32.8671, -96.7994"
481130077003,32.87424,-96.797511,"32.8742, -96.7975"
481130077004,32.869672,-96.791367,"32.8697, -96.7914"
481130078011,32.871088,-96.784453,"32.8711, -96.7845"
481130078012,32.876243,-96.782133,"32.8762, -96.7821"
481130078041,32.912836,-96.74888,"32.9128, -96.7489"
481130078042,32.919139,-96.757239,"32.9191, -96.7572"
481130078043,32.91343,-96.76138,"32.9134, -96.7614"
481130078044,32.91633,-96.748501,"32.9163, -96.7485"
481130078051,32.905809,-96.755641,"32.9058, -96.7556"
481130078052,32.898203,-96.759777,"32.8982, -96.7598"
481130078053,32.90036,-96.754326,"32.9004, -96.7543"
481130078091,32.859143,-96.747789,"32.8591, -96.7478"
481130078092,32.857977,-96.73631,"32.858, -96.7363"
481130078101,32.9117627,-96.7410578,"32.9118, -96.7411"
481130078102,32.907648,-96.741321,"32.9076, -96.7413"
481130078103,32.904028,-96.74363,"32.904, -96.7436"
481130078104,32.904739,-96.733072,"32.9047, -96.7331"
481130078111,32.902787,-96.72653,"32.9028, -96.7265"
481130078112,32.901045,-96.723088,"32.901, -96.7231"
481130078113,32.896904,-96.722625,"32.8969, -96.7226"
481130078114,32.898062,-96.725837,"32.8981, -96.7258"
481130078121,32.89752,-96.745303,"32.8975, -96.7453"
481130078122,32.886392,-96.743896,"32.8864, -96.7439"
481130078151,32.874164,-96.758611,"32.8742, -96.7586"
481130078152,32.877867,-96.757902,"32.8779, -96.7579"
481130078153,32.877157,-96.755464,"32.8772, -96.7555"
481130078181,32.866364,-96.756131,"32.8664, -96.7561"
481130078182,32.865161,-96.751876,"32.8652, -96.7519"
481130078183,32.869571,-96.760732,"32.8696, -96.7607"
481130078184,32.868517,-96.758577,"32.8685, -96.7586"
481130078191,32.86524,-96.759074,"32.8652, -96.7591"
481130078192,32.868241,-96.762957,"32.8682, -96.763"
481130078201,32.867343,-96.747237,"32.8673, -96.7472"
481130078202,32.869501,-96.756592,"32.8695, -96.7566"
481130078203,32.867761,-96.752252,"32.8678, -96.7523"
481130078211,32.872404,-96.755305,"32.8724, -96.7553"
481130078212,32.873271,-96.756531,"32.8733, -96.7565"
481130078213,32.871719,-96.753424,"32.8717, -96.7534"
481130078221,32.86976,-96.768127,"32.8698, -96.7681"
481130078222,32.887141,-96.766188,"32.8871, -96.7662"
481130078231,32.892067,-96.76691,"32.8921, -96.7669"
481130078232,32.887712,-96.760514,"32.8877, -96.7605"
481130078233,32.888922,-96.763847,"32.8889, -96.7638"
481130078241,32.883019,-96.738056,"32.883, -96.7381"
481130078242,32.874723,-96.737875,"32.8747, -96.7379"
481130078251,32.897618,-96.734205,"32.8976, -96.7342"
481130078252,32.889994,-96.73484,"32.89, -96.7348"
481130078253,32.89218,-96.729957,"32.8922, -96.73"
481130078254,32.889845,-96.738988,"32.8898, -96.739"
481130078255,32.893332,-96.727255,"32.8933, -96.7273"
481130078261,32.871615,-96.73432,"32.8716, -96.7343"
481130078271,32.890506,-96.728085,"32.8905, -96.7281"
481130078272,32.882648,-96.732668,"32.8826, -96.7327"
481130078273,32.884426,-96.731787,"32.8844, -96.7318"
481130079021,32.85006,-96.736615,"32.8501, -96.7366"
481130079022,32.851328,-96.744619,"32.8513, -96.7446"
481130079023,32.842052,-96.746853,"32.8421, -96.7469"
481130079024,32.854093,-96.749422,"32.8541, -96.7494"
481130079025,32.848008,-96.748995,"32.848, -96.749"
481130079031,32.853654,-96.755648,"32.8537, -96.7556"
481130079032,32.846945,-96.757233,"32.8469, -96.7572"
481130079061,32.861535,-96.779336,"32.8615, -96.7793"
481130079062,32.858153,-96.77387,"32.8582, -96.7739"
481130079091,32.852304,-96.762347,"32.8523, -96.7623"
481130079092,32.854248,-96.766047,"32.8542, -96.766"
481130079101,32.856708,-96.761113,"32.8567, -96.7611"
481130079102,32.855032,-96.76322,"32.855, -96.7632"
481130079111,32.862745,-96.76158,"32.8627, -96.7616"
481130079112,32.860011,-96.757643,"32.86, -96.7576"
481130079121,32.862911,-96.765421,"32.8629, -96.7654"
481130079122,32.859009,-96.766461,"32.859, -96.7665"
481130079131,32.848824,-96.76278,"32.8488, -96.7628"
481130079132,32.847401,-96.766043,"32.8474, -96.766"
481130079133,32.850008,-96.765983,"32.85, -96.766"
481130079141,32.843078,-96.763958,"32.8431, -96.764"
481130079142,32.845119,-96.764336,"32.8451, -96.7643"
481130080001,32.828688,-96.73826,"32.8287, -96.7383"
481130080002,32.838083,-96.739486,"32.8381, -96.7395"
481130080003,32.834415,-96.747408,"32.8344, -96.7474"
481130080004,32.83633,-96.727582,"32.8363, -96.7276"
481130080005,32.823561,-96.744512,"32.8236, -96.7445"
481130080006,32.827261,-96.748923,"32.8273, -96.7489"
481130081001,32.830099,-96.70999,"32.8301, -96.71"
481130081002,32.826861,-96.701209,"32.8269, -96.7012"
481130081003,32.81852,-96.708413,"32.8185, -96.7084"
481130081004,32.8111944,-96.7198625,"32.8112, -96.7199"
481130081004a,32.808535,-96.722987,"32.8085, -96.723"
481130081004b,32.812346,-96.717527,"32.8123, -96.7175"
481130081005,32.823411,-96.708872,"32.8234, -96.7089"
481130082001,32.846349,-96.699539,"32.8463, -96.6995"
481130082002,32.842631,-96.695633,"32.8426, -96.6956"
481130082003,32.834833,-96.698054,"32.8348, -96.6981"
481130082004,32.838875,-96.691231,"32.8389, -96.6912"
481130084001,32.772064,-96.721157,"32.7721, -96.7212"
481130084002,32.777911,-96.712089,"32.7779, -96.7121"
481130084003,32.770595,-96.71531,"32.7706, -96.7153"
481130084004,32.768108,-96.703123,"32.7681, -96.7031"
481130084005,32.775659,-96.705285,"32.7757, -96.7053"
481130084006,32.766871,-96.709581,"32.7669, -96.7096"
481130084007,32.783172,-96.720472,"32.7832, -96.7205"
481130085001,32.774536,-96.69061,"32.7745, -96.6906"
481130085002,32.775404,-96.696934,"32.7754, -96.6969"
481130085003,32.767666,-96.695677,"32.7677, -96.6957"
481130085004,32.767282,-96.687726,"32.7673, -96.6877"
481130086031,32.720917,-96.775483,"32.7209, -96.7755"
481130086032,32.739069,-96.783737,"32.7391, -96.7837"
481130086041,32.713615,-96.771346,"32.7136, -96.7713"
481130086042,32.720188,-96.766099,"32.7202, -96.7661"
481130087011,32.710323,-96.772024,"32.7103, -96.772"
481130087012,32.706248,-96.762346,"32.7062, -96.7623"
481130087013,32.703895,-96.769069,"32.7039, -96.7691"
481130087014,32.700149,-96.765287,"32.7001, -96.7653"
481130087015,32.696507,-96.759062,"32.6965, -96.7591"
481130087031,32.705648,-96.776592,"32.7056, -96.7766"
481130087032,32.701652,-96.785659,"32.7017, -96.7857"
481130087041,32.699013,-96.777161,"32.699, -96.7772"
481130087042,32.694848,-96.774885,"32.6948, -96.7749"
481130087043,32.690317,-96.787038,"32.6903, -96.787"
481130087051,32.689002,-96.774627,"32.689, -96.7746"
481130087052,32.685583,-96.782266,"32.6856, -96.7823"
481130088011,32.721328,-96.785952,"32.7213, -96.786"
481130088012,32.71662,-96.794063,"32.7166, -96.7941"
481130088013,32.714055,-96.800989,"32.7141, -96.801"
481130088021,32.715069,-96.782507,"32.7151, -96.7825"
481130088022,32.712381,-96.788968,"32.7124, -96.789"
481130088023,32.709662,-96.795467,"32.7097, -96.7955"
481130088024,32.70485,-96.792121,"32.7049, -96.7921"
481130088025,32.707722,-96.786173,"32.7077, -96.7862"
481130088026,32.711044,-96.779167,"32.711, -96.7792"
481130089001,32.744178,-96.791955,"32.7442, -96.792"
481130089002,32.743436,-96.797016,"32.7434, -96.797"
481130089003,32.735469,-96.795127,"32.7355, -96.7951"
481130090001,32.758318,-96.670507,"32.7583, -96.6705"
481130090002,32.758872,-96.677177,"32.7589, -96.6772"
481130090003,32.752331,-96.67811,"32.7523, -96.6781"
481130090004,32.751645,-96.667416,"32.7516, -96.6674"
481130090005,32.76815,-96.676094,"32.7681, -96.6761"
481130091011,32.760063,-96.692347,"32.7601, -96.6923"
481130091012,32.752999,-96.696728,"32.753, -96.6967"
481130091013,32.757046,-96.695595,"32.757, -96.6956"
481130091014,32.753169,-96.687659,"32.7532, -96.6877"
481130091031,32.741457,-96.70469,"32.7415, -96.7047"
481130091032,32.736501,-96.704313,"32.7365, -96.7043"
481130091041,32.744968,-96.695854,"32.745, -96.6959"
481130091042,32.74599,-96.687751,"32.746, -96.6878"
481130091051,32.738135,-96.697017,"32.7381, -96.697"
481130091052,32.737243,-96.691931,"32.7372, -96.6919"
481130091053,32.738836,-96.687241,"32.7388, -96.6872"
481130092011,32.7463,-96.670931,"32.7463, -96.6709"
481130092012,32.745326,-96.677923,"32.7453, -96.6779"
481130092013,32.738935,-96.677759,"32.7389, -96.6778"
481130092014,32.740588,-96.668968,"32.7406, -96.669"
481130092015,32.736084,-96.66857,"32.7361, -96.6686"
481130092021,32.729577,-96.669954,"32.7296, -96.67"
481130092022,32.728653,-96.677678,"32.7287, -96.6777"
481130092023,32.721325,-96.674627,"32.7213, -96.6746"
481130093011,32.726738,-96.686208,"32.7267, -96.6862"
481130093012,32.727912,-96.691406,"32.7279, -96.6914"
481130093013,32.730407,-96.699571,"32.7304, -96.6996"
481130093031,32.72741,-96.710538,"32.7274, -96.7105"
481130093032,32.72339,-96.714945,"32.7234, -96.7149"
481130093033,32.723418,-96.70908,"32.7234, -96.7091"
481130093041,32.715233,-96.690797,"32.7152, -96.6908"
481130093042,32.716767,-96.696291,"32.7168, -96.6963"
481130093043,32.714747,-96.715474,"32.7147, -96.7155"
481130093044,32.71613,-96.704181,"32.7161, -96.7042"
481130094011,32.866079,-96.852346,"32.8661, -96.8523"
481130094012,32.872903,-96.851443,"32.8729, -96.8514"
481130094013,32.877759,-96.851378,"32.8778, -96.8514"
481130094021,32.867664,-96.843942,"32.8677, -96.8439"
481130094022,32.875657,-96.842895,"32.8757, -96.8429"
481130095001,32.884759,-96.847961,"32.8848, -96.848"
481130095002,32.891435,-96.847275,"32.8914, -96.8473"
481130096031,32.912776,-96.834039,"32.9128, -96.834"
481130096032,32.921926,-96.830414,"32.9219, -96.8304"
481130096033,32.914763,-96.824644,"32.9148, -96.8246"
481130096041,32.9217201,-96.8074654,"32.9217, -96.8075"
481130096041a,32.919504,-96.806469,"32.9195, -96.8065"
481130096041b,32.922647,-96.807946,"32.9226, -96.8079"
481130096042,32.919938,-96.814008,"32.9199, -96.814"
481130096043,32.914079,-96.81,"32.9141, -96.81"
481130096044,32.923521,-96.813201,"32.9235, -96.8132"
481130096051,32.913339,-96.863071,"32.9133, -96.8631"
481130096052,32.911701,-96.860034,"32.9117, -96.86"
481130096071,32.901801,-96.859585,"32.9018, -96.8596"
481130096072,32.905432,-96.86778,"32.9054, -96.8678"
481130096073,32.898959,-96.867472,"32.899, -96.8675"
481130096081,32.913056,-96.842183,"32.9131, -96.8422"
481130096082,32.919138,-96.842491,"32.9191, -96.8425"
481130096083,32.915273,-96.850726,"32.9153, -96.8507"
481130096091,32.906083,-96.842135,"32.9061, -96.8421"
481130096092,32.905688,-96.851249,"32.9057, -96.8512"
481130096093,32.898817,-96.851095,"32.8988, -96.8511"
481130096094,32.898695,-96.842496,"32.8987, -96.8425"
481130096101,32.906276,-96.881802,"32.9063, -96.8818"
481130096102,32.90317,-96.883465,"32.9032, -96.8835"
481130096103,32.905159,-96.884187,"32.9052, -96.8842"
481130096111,32.906535,-96.876091,"32.9065, -96.8761"
481130096112,32.901682,-96.876947,"32.9017, -96.8769"
481130096113,32.897344,-96.876984,"32.8973, -96.877"
481130097011,32.891566,-96.875891,"32.8916, -96.8759"
481130097012,32.891628,-96.881402,"32.8916, -96.8814"
481130097013,32.883968,-96.872453,"32.884, -96.8725"
481130097021,32.884156,-96.860442,"32.8842, -96.8604"
481130097022,32.890627,-96.863567,"32.8906, -96.8636"
481130098021,32.877816,-96.859953,"32.8778, -96.86"
481130098022,32.873551,-96.862775,"32.8736, -96.8628"
481130098023,32.871642,-96.858577,"32.8716, -96.8586"
481130098024,32.870262,-96.862799,"32.8703, -96.8628"
481130098025,32.86615,-96.858889,"32.8661, -96.8589"
481130098031,32.878835,-96.870552,"32.8788, -96.8706"
481130098032,32.876823,-96.876816,"32.8768, -96.8768"
481130098033,32.876578,-96.873644,"32.8766, -96.8736"
481130098041,32.873859,-96.867013,"32.8739, -96.867"
481130098042,32.87224,-96.869331,"32.8722, -96.8693"
481130098043,32.870163,-96.866007,"32.8702, -96.866"
481130098044,32.874732,-96.87243,"32.8747, -96.8724"
481130099001,32.8987914,-96.921006,"32.8988, -96.921"
481130099002,32.893834,-96.909185,"32.8938, -96.9092"
481130100001,32.79624,-96.825849,"32.7962, -96.8258"
481130100002,32.815676,-96.856047,"32.8157, -96.856"
481130101011,32.782957,-96.851705,"32.783, -96.8517"
481130101012,32.786479,-96.847854,"32.7865, -96.8479"
481130101013,32.781305,-96.848803,"32.7813, -96.8488"
481130101021,32.781635,-96.832227,"32.7816, -96.8322"
481130101022,32.784598,-96.839918,"32.7846, -96.8399"
481130101023,32.780603,-96.840345,"32.7806, -96.8403"
481130105001,32.791001,-96.880583,"32.791, -96.8806"
481130105002,32.782717,-96.878799,"32.7827, -96.8788"
481130106011,32.784467,-96.905287,"32.7845, -96.9053"
481130106012,32.791283,-96.897782,"32.7913, -96.8978"
481130106013,32.782612,-96.897156,"32.7826, -96.8972"
481130106021,32.77258,-96.905361,"32.7726, -96.9054"
481130106022,32.771757,-96.911362,"32.7718, -96.9114"
481130107011,32.751925,-96.914493,"32.7519, -96.9145"
481130107012,32.744593,-96.904753,"32.7446, -96.9048"
481130107031,32.740313,-96.924513,"32.7403, -96.9245"
481130107032,32.735547,-96.928144,"32.7355, -96.9281"
481130107041,32.723854,-96.897642,"32.7239, -96.8976"
481130107042,32.742076,-96.913071,"32.7421, -96.9131"
481130108011,32.715752,-96.889262,"32.7158, -96.8893"
481130108012,32.7167,-96.895905,"32.7167, -96.8959"
481130108013,32.717206,-96.907751,"32.7172, -96.9078"
481130108014,32.711569,-96.900566,"32.7116, -96.9006"
481130108031,32.701146,-96.861061,"32.7011, -96.8611"
481130108032,32.701909,-96.86929,"32.7019, -96.8693"
481130108033,32.694938,-96.86628,"32.6949, -96.8663"
481130108034,32.699913,-96.89414,"32.6999, -96.8941"
481130108035,32.695086,-96.884297,"32.6951, -96.8843"
481130108036,32.700573,-96.881222,"32.7006, -96.8812"
481130108041,32.715104,-96.863627,"32.7151, -96.8636"
481130108042,32.707131,-96.86966,"32.7071, -96.8697"
481130108051,32.708489,-96.886952,"32.7085, -96.887"
481130108052,32.713477,-96.878122,"32.7135, -96.8781"
481130108053,32.710606,-96.871635,"32.7106, -96.8716"
481130109021,32.660041,-96.862522,"32.66, -96.8625"
481130109022,32.657424,-96.868468,"32.6574, -96.8685"
481130109023,32.656393,-96.871399,"32.6564, -96.8714"
481130109031,32.669835,-96.886727,"32.6698, -96.8867"
481130109032,32.668216,-96.88917,"32.6682, -96.8892"
481130109041,32.689626,-96.86243,"32.6896, -96.8624"
481130109042,32.674256,-96.880318,"32.6743, -96.8803"
481130110011,32.68849,-96.851875,"32.6885, -96.8519"
481130110012,32.686195,-96.84386,"32.6862, -96.8439"
481130110013,32.681919,-96.854995,"32.6819, -96.855"
481130110014,32.676424,-96.852301,"32.6764, -96.8523"
481130110015,32.680366,-96.845606,"32.6804, -96.8456"
481130110016,32.674557,-96.844959,"32.6746, -96.845"
481130110021,32.677564,-96.833687,"32.6776, -96.8337"
481130110022,32.686987,-96.836431,"32.687, -96.8364"
481130110023,32.683303,-96.83201,"32.6833, -96.832"
481130111011,32.669437,-96.843925,"32.6694, -96.8439"
481130111012,32.658937,-96.849087,"32.6589, -96.8491"
481130111013,32.652422,-96.846054,"32.6524, -96.8461"
481130111031,32.668779,-96.827081,"32.6688, -96.8271"
481130111032,32.6709672,-96.8345472,"32.671, -96.8345"
481130111032a,32.671417,-96.83186,"32.6714, -96.8319"
481130111032b,32.669608,-96.837187,"32.6696, -96.8372"
481130111033,32.665693,-96.834485,"32.6657, -96.8345"
481130111041,32.659664,-96.835267,"32.6597, -96.8353"
481130111042,32.655583,-96.835399,"32.6556, -96.8354"
481130111043,32.651036,-96.835082,"32.651, -96.8351"
481130111044,32.649325,-96.837483,"32.6493, -96.8375"
481130111051,32.657588,-96.827274,"32.6576, -96.8273"
481130111052,32.650926,-96.828246,"32.6509, -96.8282"
481130111053,32.645238,-96.828529,"32.6452, -96.8285"
481130112001,32.656393,-96.815953,"32.6564, -96.816"
481130112002,32.679735,-96.81819,"32.6797, -96.8182"
481130112003,32.679275,-96.810268,"32.6793, -96.8103"
481130113001,32.669471,-96.796699,"32.6695, -96.7967"
481130113002,32.677819,-96.800227,"32.6778, -96.8002"
481130113003,32.672187,-96.800153,"32.6722, -96.8002"
481130114011,32.676488,-96.761645,"32.6765, -96.7616"
481130114012,32.672572,-96.775893,"32.6726, -96.7759"
481130114013,32.673401,-96.767956,"32.6734, -96.768"
481130115001,32.764046,-96.737033,"32.764, -96.737"
481130115002,32.7623,-96.735127,"32.7623, -96.7351"
481130115003,32.736467,-96.753074,"32.7365, -96.7531"
481130115004,32.740669,-96.75193,"32.7407, -96.7519"
481130116011,32.709635,-96.691168,"32.7096, -96.6912"
481130116012,32.698329,-96.685039,"32.6983, -96.685"
481130116013,32.710116,-96.702762,"32.7101, -96.7028"
481130116021,32.700802,-96.664996,"32.7008, -96.665"
481130116022,32.694895,-96.675805,"32.6949, -96.6758"
481130116023,32.685175,-96.649657,"32.6852, -96.6497"
481130116024,32.706591,-96.677484,"32.7066, -96.6775"
481130117011,32.714397,-96.652378,"32.7144, -96.6524"
481130117012,32.711296,-96.66155,"32.7113, -96.6616"
481130117013,32.716012,-96.676734,"32.716, -96.6767"
481130117014,32.704857,-96.652949,"32.7049, -96.6529"
481130117021,32.7121616,-96.6351026,"32.7122, -96.6351"
481130117022,32.712253,-96.643846,"32.7123, -96.6438"
481130117023,32.701964,-96.638871,"32.702, -96.6389"
481130118001,32.7254769,-96.6348901,"32.7255, -96.6349"
481130118002,32.728408,-96.645393,"32.7284, -96.6454"
481130118003,32.726326,-96.652608,"32.7263, -96.6526"
481130118004,32.725484,-96.660895,"32.7255, -96.6609"
481130118005,32.724263,-96.641834,"32.7243, -96.6418"
481130119001,32.738762,-96.644109,"32.7388, -96.6441"
481130119002,32.745178,-96.652991,"32.7452, -96.653"
481130119003,32.740089,-96.659641,"32.7401, -96.6596"
481130119004,32.738826,-96.652305,"32.7388, -96.6523"
481130119005,32.7414383,-96.6354965,"32.7414, -96.6355"
481130119006,32.745389,-96.644029,"32.7454, -96.644"
481130120001,32.753973,-96.660575,"32.754, -96.6606"
481130120002,32.759864,-96.66311,"32.7599, -96.6631"
481130120003,32.753778,-96.652519,"32.7538, -96.6525"
481130120004,32.752341,-96.652388,"32.7523, -96.6524"
481130121001,32.76604,-96.662471,"32.766, -96.6625"
481130121002,32.77162,-96.661779,"32.7716, -96.6618"
481130121003,32.765308,-96.654557,"32.7653, -96.6546"
481130122041,32.80788,-96.700203,"32.8079, -96.7002"
481130122042,32.804478,-96.702418,"32.8045, -96.7024"
481130122043,32.801583,-96.707502,"32.8016, -96.7075"
481130122044,32.798374,-96.700037,"32.7984, -96.7"
481130122045,32.797436,-96.71263,"32.7974, -96.7126"
481130122061,32.788453,-96.712199,"32.7885, -96.7122"
481130122062,32.78829,-96.703033,"32.7883, -96.703"
481130122063,32.782292,-96.705977,"32.7823, -96.706"
481130122071,32.790615,-96.682542,"32.7906, -96.6825"
481130122072,32.78899,-96.69254,"32.789, -96.6925"
481130122073,32.782926,-96.693436,"32.7829, -96.6934"
481130122081,32.801728,-96.717026,"32.8017, -96.717"
481130122082,32.797019,-96.722432,"32.797, -96.7224"
481130122091,32.816154,-96.69909,"32.8162, -96.6991"
481130122092,32.807048,-96.711588,"32.807, -96.7116"
481130122101,32.813646,-96.688897,"32.8136, -96.6889"
481130122102,32.8102819,-96.6935695,"32.8103, -96.6936"
481130122102a,32.808977,-96.690282,"32.809, -96.6903"
481130122102b,32.811512,-96.694927,"32.8115, -96.6949"
481130122111,32.803748,-96.693683,"32.8037, -96.6937"
481130122112,32.802109,-96.690745,"32.8021, -96.6907"
481130122113,32.804161,-96.685079,"32.8042, -96.6851"
481130123011,32.817829,-96.669965,"32.8178, -96.67"
481130123012,32.817242,-96.676617,"32.8172, -96.6766"
481130123013,32.815961,-96.686287,"32.816, -96.6863"
481130123021,32.810463,-96.670851,"32.8105, -96.6709"
481130123022,32.811258,-96.678041,"32.8113, -96.678"
481130123023,32.80537,-96.676805,"32.8054, -96.6768"
481130124001,32.836431,-96.683013,"32.8364, -96.683"
481130124002,32.833147,-96.685206,"32.8331, -96.6852"
481130124003,32.830749,-96.679478,"32.8307, -96.6795"
481130124004,32.823274,-96.687606,"32.8233, -96.6876"
481130124005,32.827896,-96.690787,"32.8279, -96.6908"
481130124006,32.82316,-96.681281,"32.8232, -96.6813"
481130125001,32.837407,-96.665496,"32.8374, -96.6655"
481130125002,32.82402,-96.660874,"32.824, -96.6609"
481130125003,32.831552,-96.665913,"32.8316, -96.6659"
481130125004,32.82631,-96.664979,"32.8263, -96.665"
481130125005,32.825728,-96.672275,"32.8257, -96.6723"
481130126011,32.85457,-96.660616,"32.8546, -96.6606"
481130126012,32.848869,-96.661632,"32.8489, -96.6616"
481130126013,32.852372,-96.654476,"32.8524, -96.6545"
481130126031,32.842643,-96.659571,"32.8426, -96.6596"
481130126032,32.839156,-96.655479,"32.8392, -96.6555"
481130126041,32.850026,-96.643735,"32.85, -96.6437"
481130126042,32.848539,-96.652828,"32.8485, -96.6528"
481130127011,32.853986,-96.672599,"32.854, -96.6726"
481130127012,32.846688,-96.680501,"32.8467, -96.6805"
481130127013,32.847763,-96.669728,"32.8478, -96.6697"
481130127014,32.848556,-96.674297,"32.8486, -96.6743"
481130127021,32.840734,-96.681764,"32.8407, -96.6818"
481130127022,32.839192,-96.676236,"32.8392, -96.6762"
481130127023,32.840493,-96.670225,"32.8405, -96.6702"
481130128001,32.853467,-96.690406,"32.8535, -96.6904"
481130128002,32.847336,-96.691759,"32.8473, -96.6918"
481130128003,32.859614,-96.695869,"32.8596, -96.6959"
481130128004,32.859821,-96.687336,"32.8598, -96.6873"
481130128005,32.856181,-96.678986,"32.8562, -96.679"
481130128006,32.861056,-96.678654,"32.8611, -96.6787"
481130129001,32.860059,-96.703397,"32.8601, -96.7034"
481130129002,32.861214,-96.710717,"32.8612, -96.7107"
481130129003,32.847401,-96.706679,"32.8474, -96.7067"
481130129004,32.84593,-96.712467,"32.8459, -96.7125"
481130129005,32.855042,-96.708534,"32.855, -96.7085"
481130130041,32.875038,-96.713314,"32.875, -96.7133"
481130130042,32.872874,-96.721572,"32.8729, -96.7216"
481130130043,32.87506,-96.726887,"32.8751, -96.7269"
481130130044,32.866294,-96.725392,"32.8663, -96.7254"
481130130045,32.868544,-96.714448,"32.8685, -96.7144"
481130130051,32.882847,-96.704697,"32.8828, -96.7047"
481130130052,32.875151,-96.704497,"32.8752, -96.7045"
481130130053,32.869038,-96.702956,"32.869, -96.703"
481130130054,32.868062,-96.707169,"32.8681, -96.7072"
481130130071,32.874754,-96.696841,"32.8748, -96.6968"
481130130072,32.867607,-96.696431,"32.8676, -96.6964"
481130130073,32.867438,-96.688902,"32.8674, -96.6889"
481130130081,32.890292,-96.721469,"32.8903, -96.7215"
481130130082,32.882035,-96.72367,"32.882, -96.7237"
481130130091,32.895742,-96.71524,"32.8957, -96.7152"
481130130092,32.889533,-96.712713,"32.8895, -96.7127"
481130130093,32.882652,-96.713346,"32.8827, -96.7133"
481130130101,32.869673,-96.680586,"32.8697, -96.6806"
481130130102,32.871593,-96.689459,"32.8716, -96.6895"
481130130103,32.867417,-96.681115,"32.8674, -96.6811"
481130130111,32.87659,-96.689631,"32.8766, -96.6896"
481130130112,32.874103,-96.687228,"32.8741, -96.6872"
481130130113,32.876834,-96.692794,"32.8768, -96.6928"
481130131011,32.904781,-96.775617,"32.9048, -96.7756"
481130131012,32.904936,-96.783688,"32.9049, -96.7837"
481130131013,32.8982167,-96.7794544,"32.8982, -96.7795"
481130131013a,32.898657,-96.771616,"32.8987, -96.7716"
481130131013b,32.897752,-96.781784,"32.8978, -96.7818"
481130131021,32.883489,-96.7807,"32.8835, -96.7807"
481130131022,32.890686,-96.782349,"32.8907, -96.7823"
481130131041,32.882864,-96.775745,"32.8829, -96.7757"
481130131042,32.885349,-96.77266,"32.8853, -96.7727"
481130131051,32.889765,-96.773597,"32.8898, -96.7736"
481130131052,32.893695,-96.773103,"32.8937, -96.7731"
481130131053,32.893503,-96.77515,"32.8935, -96.7751"
481130131054,32.894187,-96.770617,"32.8942, -96.7706"
481130132001,32.92007,-96.795013,"32.9201, -96.795"
481130132002,32.917802,-96.771885,"32.9178, -96.7719"
481130132003,32.915946,-96.782777,"32.9159, -96.7828"
481130132004,32.913187,-96.794397,"32.9132, -96.7944"
481130133001,32.905587,-96.795266,"32.9056, -96.7953"
481130133002,32.898595,-96.796372,"32.8986, -96.7964"
481130134001,32.900735,-96.81534,"32.9007, -96.8153"
481130134002,32.903117,-96.808331,"32.9031, -96.8083"
481130135001,32.900594,-96.824252,"32.9006, -96.8243"
481130135002,32.905839,-96.836084,"32.9058, -96.8361"
481130136051,32.973337,-96.773319,"32.9733, -96.7733"
481130136052,32.974572,-96.781414,"32.9746, -96.7814"
481130136053,32.966429,-96.782098,"32.9664, -96.7821"
481130136054,32.965579,-96.773857,"32.9656, -96.7739"
481130136061,32.955943,-96.789052,"32.9559, -96.7891"
481130136062,32.955057,-96.794527,"32.9551, -96.7945"
481130136063,32.957837,-96.800493,"32.9578, -96.8005"
481130136071,32.958874,-96.773174,"32.9589, -96.7732"
481130136072,32.959405,-96.782638,"32.9594, -96.7826"
481130136073,32.953706,-96.782551,"32.9537, -96.7826"
481130136074,32.95376,-96.77399,"32.9538, -96.774"
481130136081,32.94463,-96.793558,"32.9446, -96.7936"
481130136082,32.927379,-96.791512,"32.9274, -96.7915"
481130136091,32.948094,-96.773241,"32.9481, -96.7732"
481130136092,32.94417,-96.782086,"32.9442, -96.7821"
481130136093,32.943198,-96.774335,"32.9432, -96.7743"
481130136101,32.935629,-96.772404,"32.9356, -96.7724"
481130136102,32.936988,-96.780765,"32.937, -96.7808"
481130136103,32.9310595,-96.7740103,"32.9311, -96.774"
481130136103a,32.931973,-96.777795,"32.932, -96.7778"
481130136103b,32.930541,-96.771524,"32.9305, -96.7715"
481130136104,32.92854,-96.779414,"32.9285, -96.7794"
481130136111,32.980017,-96.806142,"32.98, -96.8061"
481130136112,32.973162,-96.814426,"32.9732, -96.8144"
481130136151,32.936745,-96.806875,"32.9367, -96.8069"
481130136152,32.934155,-96.80989,"32.9342, -96.8099"
481130136153,32.937043,-96.811351,"32.937, -96.8114"
481130136161,32.9683399,-96.8250641,"32.9683, -96.8251"
481130136163,32.9470343,-96.8254715,"32.947, -96.8255"
481130136171,32.982754,-96.789971,"32.9828, -96.79"
481130136172,32.983251,-96.797315,"32.9833, -96.7973"
481130136173,32.977682,-96.802018,"32.9777, -96.802"
481130136181,32.982669,-96.774605,"32.9827, -96.7746"
481130136182,32.982688,-96.781914,"32.9827, -96.7819"
481130136191,32.970148,-96.787736,"32.9701, -96.7877"
481130136192,32.97105,-96.793762,"32.971, -96.7938"
481130136193,32.969111,-96.799444,"32.9691, -96.7994"
481130136201,32.960659,-96.815169,"32.9607, -96.8152"
481130136202,32.965283,-96.815517,"32.9653, -96.8155"
481130136203,32.966831,-96.816631,"32.9668, -96.8166"
481130136211,32.965111,-96.806359,"32.9651, -96.8064"
481130136212,32.959115,-96.807438,"32.9591, -96.8074"
481130136213,32.956566,-96.806875,"32.9566, -96.8069"
481130136221,32.949408,-96.8130605,"32.9494, -96.8131"
481130136222,32.94997,-96.80678,"32.95, -96.8068"
481130136231,32.941444,-96.811257,"32.9414, -96.8113"
481130136232,32.944438,-96.806911,"32.9444, -96.8069"
481130136233,32.940195,-96.806633,"32.9402, -96.8066"
481130136241,32.94863,-96.820694,"32.9486, -96.8207"
481130136242,32.941894,-96.816104,"32.9419, -96.8161"
481130136243,32.944959,-96.816798,"32.945, -96.8168"
481130136251,32.941914,-96.819503,"32.9419, -96.8195"
481130136252,32.944875,-96.820544,"32.9449, -96.8205"
481130136261,32.932266,-96.816059,"32.9323, -96.8161"
481130136262,32.937692,-96.815907,"32.9377, -96.8159"
481130137221,32.9782977,-96.8491299,"32.9783, -96.8491"
481130137271,32.9720841,-96.8358071,"32.9721, -96.8358"
481130138062,32.9382233,-96.8319628,"32.9382, -96.832"
481130140011,32.9137714,-96.8873295,"32.9138, -96.8873"
481130140021,32.9192807,-96.91518,"32.9193, -96.9152"
481130140022,32.95121,-96.92622,"32.9512, -96.9262"
481130141193,32.9563611,-96.9863799,"32.9564, -96.9864"
481130141201,32.9579031,-96.9630528,"32.9579, -96.9631"
481130141203,32.9616746,-96.9729028,"32.9617, -96.9729"
481130141213,32.9482733,-96.9456891,"32.9483, -96.9457"
481130141214,32.958913,-96.9448755,"32.9589, -96.9449"
481130141231,32.9870009,-96.955019,"32.987, -96.955"
481130141271,32.933471,-96.987622,"32.9335, -96.9876"
481130141301,32.9224133,-96.942129,"32.9224, -96.9421"
481130141381,32.8889657,-96.9328849,"32.889, -96.9329"
481130141382,32.9048269,-96.935465,"32.9048, -96.9355"
481130142064,32.8661865,-96.9321178,"32.8662, -96.9321"
481130158001,32.7570184,-96.9437396,"32.757, -96.9437"
481130159003,32.733238,-96.989047,"32.7332, -96.989"
481130163011,32.7088413,-96.981008,"32.7088, -96.981"
481130163012,32.7255177,-96.9845421,"32.7255, -96.9845"
481130163013,32.7153548,-96.9772629,"32.7154, -96.9773"
481130164081,32.6987903,-96.9810433,"32.6988, -96.981"
481130164091,32.6817337,-96.9831827,"32.6817, -96.9832"
481130164092,32.683354,-97.0000547,"32.6834, -97.0001"
481130164121,32.660645,-96.9928283,"32.6606, -96.9928"
481130164122,32.6694301,-96.9933008,"32.6694, -96.9933"
481130164132,32.6513272,-97.0112819,"32.6513, -97.0113"
481130165021,32.6704383,-96.9023245,"32.6704, -96.9023"
481130165101,32.64792,-96.951588,"32.6479, -96.9516"
481130165102,32.653005,-96.970092,"32.653, -96.9701"
481130165103,32.643678,-96.948985,"32.6437, -96.949"
481130165104,32.637136,-96.948526,"32.6371, -96.9485"
481130165111,32.629429,-96.94887,"32.6294, -96.9489"
481130165112,32.624476,-96.9484,"32.6245, -96.9484"
481130165201,32.697981,-96.939779,"32.698, -96.9398"
481130165202,32.6859799,-96.9114826,"32.686, -96.9115"
481130165202a,32.696913,-96.900097,"32.6969, -96.9001"
481130165202b,32.682123,-96.916859,"32.6821, -96.9169"
481130165203,32.680009,-96.89948,"32.68, -96.8995"
481130165211,32.665011,-96.934216,"32.665, -96.9342"
481130165212,32.684923,-96.935756,"32.6849, -96.9358"
481130165221,32.6016896,-96.9814312,"32.6017, -96.9814"
481130166051,32.637132,-96.833181,"32.6371, -96.8332"
481130166052,32.6309498,-96.8522588,"32.6309, -96.8523"
481130166061,32.6421227,-96.8838972,"32.6421, -96.8839"
481130166071,32.653733,-96.882116,"32.6537, -96.8821"
481130166072,32.654827,-96.88771,"32.6548, -96.8877"
481130166073,32.652555,-96.885687,"32.6526, -96.8857"
481130167011,32.653129,-96.771559,"32.6531, -96.7716"
481130167012,32.660579,-96.770665,"32.6606, -96.7707"
481130167013,32.66406,-96.762983,"32.6641, -96.763"
481130167014,32.657528,-96.763538,"32.6575, -96.7635"
481130167031,32.642314,-96.770716,"32.6423, -96.7707"
481130167033,32.636427,-96.8073422,"32.6364, -96.8073"
481130169021,32.6604493,-96.7038769,"32.6604, -96.7039"
481130170013,32.6653224,-96.5915547,"32.6653, -96.5916"
481130170014,32.6424966,-96.6000956,"32.6425, -96.6001"
481130170033,32.6847506,-96.5392614,"32.6848, -96.5393"
481130170041,32.694785,-96.573931,"32.6948, -96.5739"
481130170042,32.682589,-96.586027,"32.6826, -96.586"
481130170043,32.686803,-96.568482,"32.6868, -96.5685"
481130171011,32.696775,-96.606652,"32.6968, -96.6067"
481130171012,32.691602,-96.595759,"32.6916, -96.5958"
481130171021,32.674524,-96.612602,"32.6745, -96.6126"
481130171022,32.66765,-96.64738,"32.6677, -96.6474"
481130176051,32.752539,-96.644768,"32.7525, -96.6448"
481130176052,32.757983,-96.644669,"32.758, -96.6447"
481130178051,32.7850401,-96.6566134,"32.785, -96.6566"
481130178052,32.7949584,-96.6725742,"32.795, -96.6726"
481130178062,32.8010249,-96.6646354,"32.801, -96.6646"
481130178081,32.8340858,-96.6017427,"32.8341, -96.6017"
481130179002,32.8257432,-96.6564523,"32.8257, -96.6565"
481130179003,32.813565,-96.6596322,"32.8136, -96.6596"
481130180013,32.8348496,-96.6535921,"32.8348, -96.6536"
481130181042,32.811384,-96.5557414,"32.8114, -96.5557"
481130181102,32.8791477,-96.5999113,"32.8791, -96.5999"
481130181184,32.8684673,-96.5834534,"32.8685, -96.5835"
481130181241,32.9523321,-96.5389092,"32.9523, -96.5389"
481130181242,32.9361854,-96.5266085,"32.9362, -96.5266"
481130181244,32.918973,-96.5435122,"32.919, -96.5435"
481130181291,32.8431024,-96.6101529,"32.8431, -96.6102"
481130181301,32.8442948,-96.6250554,"32.8443, -96.6251"
481130181321,32.8398778,-96.573118,"32.8399, -96.5731"
481130181323,32.8377251,-96.5877732,"32.8377, -96.5878"
481130181331,32.897841,-96.5503702,"32.8978, -96.5504"
481130181332,32.9011227,-96.5813571,"32.9011, -96.5814"
481130181351,32.8817004,-96.5349385,"32.8817, -96.5349"
481130181361,32.8846336,-96.556034,"32.8846, -96.556"
481130181365,32.8841769,-96.5795033,"32.8842, -96.5795"
481130181371,32.862001,-96.5606065,"32.862, -96.5606"
481130181403,32.9266603,-96.5618841,"32.9267, -96.5619"
481130181411,32.8720402,-96.5276514,"32.872, -96.5277"
481130181412,32.8546403,-96.5476493,"32.8546, -96.5476"
481130181421,32.8390965,-96.5463412,"32.8391, -96.5463"
481130185031,32.907396,-96.724753,"32.9074, -96.7248"
481130185032,32.905466,-96.719863,"32.9055, -96.7199"
481130185033,32.907557,-96.721986,"32.9076, -96.722"
481130185051,32.90687,-96.715118,"32.9069, -96.7151"
481130185052,32.906812,-96.711993,"32.9068, -96.712"
481130185061,32.902299,-96.711258,"32.9023, -96.7113"
481130185062,32.901327,-96.712878,"32.9013, -96.7129"
481130190161,32.920157,-96.737063,"32.9202, -96.7371"
481130190162,32.920334,-96.73976,"32.9203, -96.7398"
481130190163,32.915496,-96.737518,"32.9155, -96.7375"
481130190181,32.925538,-96.709127,"32.9255, -96.7091"
481130190182,32.928229,-96.715195,"32.9282, -96.7152"
481130190183,32.923349,-96.714715,"32.9233, -96.7147"
481130190191,32.918692,-96.714457,"32.9187, -96.7145"
481130190192,32.91401,-96.706295,"32.914, -96.7063"
481130190193,32.9103271,-96.7124823,"32.9103, -96.7125"
481130190193a,32.910525,-96.711895,"32.9105, -96.7119"
481130190193b,32.913501,-96.712023,"32.9135, -96.712"
481130190194,32.913893,-96.715282,"32.9139, -96.7153"
481130190341,32.91964,-96.721461,"32.9196, -96.7215"
481130190342,32.916672,-96.73288,"32.9167, -96.7329"
481130190351,32.913436,-96.720825,"32.9134, -96.7208"
481130190352,32.911167,-96.721863,"32.9112, -96.7219"
481130190353,32.914283,-96.72527,"32.9143, -96.7253"
481130190401,32.9309476,-96.7452093,"32.9309, -96.7452"
481130190411,32.928766,-96.7317465,"32.9288, -96.7317"
481130190412,32.9294727,-96.7258687,"32.9295, -96.7259"
481130190413,32.9281067,-96.7214309,"32.9281, -96.7214"
481130192051,32.9788485,-96.7628481,"32.9788, -96.7628"
481130192081,32.928554,-96.764194,"32.9286, -96.7642"
481130192082,32.935664,-96.765223,"32.9357, -96.7652"
481130192083,32.930975,-96.765583,"32.931, -96.7656"
481130192121,32.933916,-96.759731,"32.9339, -96.7597"
481130192122,32.935784,-96.759941,"32.9358, -96.7599"
481130192123,32.931262,-96.759973,"32.9313, -96.76"
481130192131,32.93594,-96.756395,"32.9359, -96.7564"
481130192132,32.938423,-96.75653,"32.9384, -96.7565"
481130193021,32.848468,-96.7757409,"32.8485, -96.7757"
481130195023,32.848119,-96.8084948,"32.8481, -96.8085"
481130198001,32.8308861,-96.8159056,"32.8309, -96.8159"
481130199003,32.7343208,-96.8919766,"32.7343, -96.892"
481130201001,32.8330215,-96.9037936,"32.833, -96.9038"
481130202001,32.713743,-96.748522,"32.7137, -96.7485"
481130202002,32.672682,-96.754242,"32.6727, -96.7542"
481130202003,32.668648,-96.74455,"32.6686, -96.7446"
481130203001,32.783117,-96.767016,"32.7831, -96.767"
481130203002,32.770091,-96.770589,"32.7701, -96.7706"
481130203003,32.766798,-96.767257,"32.7668, -96.7673"
481130204001,32.768247,-96.788437,"32.7682, -96.7884"
481130204002,32.771004,-96.784791,"32.771, -96.7848"
481130204003,32.779084,-96.788105,"32.7791, -96.7881"
481130205001,32.784592,-96.861001,"32.7846, -96.861"
481130205002,32.787889,-96.870399,"32.7879, -96.8704"
481130206001,32.873148,-96.812814,"32.8731, -96.8128"
481130206002,32.872463,-96.830358,"32.8725, -96.8304"
481139801001,32.8455619,-96.849425,"32.8456, -96.8494"
481210216161,33.008508,-96.860358,"33.0085, -96.8604"
481210216163,33.004158,-96.861548,"33.0042, -96.8615"
481210216341,33.008609,-96.855002,"33.0086, -96.855"
481210216342,33.007008,-96.849934,"33.007, -96.8499"
481210216343,33.001488,-96.853621,"33.0015, -96.8536"
481210216351,32.998422,-96.850718,"32.9984, -96.8507"
481210216352,33.007459,-96.846023,"33.0075, -96.846"
481210216353,33.002239,-96.84774,"33.0022, -96.8477"
481210216361,32.990011,-96.845672,"32.99, -96.8457"
481210216362,32.994823,-96.845682,"32.9948, -96.8457"
481210216363,32.99023,-96.848985,"32.9902, -96.849"
481210216364,32.993076,-96.852359,"32.9931, -96.8524"
481210216365,32.994645,-96.848617,"32.9946, -96.8486"
481210216371,32.993883,-96.864485,"32.9939, -96.8645"
481210216372,32.992554,-96.85829,"32.9926, -96.8583"
481210216373,33.000095,-96.86125,"33.0001, -96.8612"
481210216381,32.999958,-96.868103,"33, -96.8681"
481210216382,32.993236,-96.870255,"32.9932, -96.8703"
