geoid,Centx,Centy
481130001001,-96.73001,32.818675
481130001002,-96.741534,32.812402
481130001003,-96.74408,32.818247
481130002011,-96.756958,32.8396
481130002012,-96.757156,32.832888
481130002013,-96.757364,32.826132
481130002021,-96.765856,32.824953
481130002022,-96.765625,32.836599
481130002023,-96.765812,32.829674
481130003001,-96.772331,32.829763
481130009004,-96.778215,32.809583
481130003002,-96.776486,32.834321
481130003003,-96.779394,32.826447
481130004011,-96.834018,32.813941
481130004043,-96.825406,32.819536
481130004012,-96.82628,32.811019
481130004013,-96.821597,32.806352
481130004041,-96.830166,32.822161
481130004042,-96.832075,32.819566
481130005001,-96.816106,32.812988
481130181323,-96.585193,32.833899
481130004044,-96.82461,32.816365
481130004051,-96.819876,32.814932
481130004052,-96.821157,32.812101
481130004061,-96.850026,32.833543
481130004062,-96.8542,32.829712
481130005002,-96.810931,32.803484
481130004063,-96.865842,32.846774
481130004064,-96.855444,32.834607
481130004065,-96.840208,32.827136
481130181331,-96.540848,32.899627
481130005003,-96.815556,32.808348
481130005004,-96.812045,32.809816
481130006011,-96.821908,32.831623
481130006012,-96.819835,32.826087
481130006013,-96.826998,32.82637
481130006014,-96.823542,32.824124
481130006015,-96.820067,32.820792
481130006031,-96.809859,32.818007
481130006032,-96.81033,32.820911
481130006033,-96.814398,32.816837
481130006034,-96.804763,32.820165
481130006051,-96.809482,32.812441
481130006052,-96.804817,32.808493
481130006061,-96.798907,32.817544
481130006062,-96.806363,32.814974
481130006063,-96.802256,32.811669
481130007011,-96.796652,32.812751
481130007012,-96.794917,32.809781
481130007021,-96.785876,32.826569
481130007022,-96.790516,32.821052
481130007023,-96.791016,32.818205
481130008001,-96.785014,32.812044
481130008002,-96.78903,32.810177
481130008003,-96.782531,32.808291
481130008004,-96.785078,32.803897
481130008005,-96.779919,32.805603
481130009001,-96.785216,32.817287
481130009002,-96.781619,32.813938
481130009003,-96.776326,32.811328
481130010011,-96.773789,32.820467
481130010012,-96.780405,32.822183
481130010021,-96.778952,32.818625
481130010022,-96.773571,32.813906
481130011011,-96.768525,32.810935
481130011012,-96.765844,32.820135
481130011013,-96.765232,32.813546
481130078092,-96.738065,32.860049
481130078101,-96.741057,32.911761
481130078102,-96.74203,32.907966
481130078103,-96.743357,32.903802
481130078104,-96.733187,32.904997
481130078111,-96.725744,32.902844
481130078112,-96.721471,32.900795
481130166073,-96.884998,32.650988
481130078113,-96.721004,32.896927
481130078114,-96.725693,32.898127
481130081004,-96.719207,32.8113
481130081005,-96.709161,32.823706
481130082001,-96.699808,32.846516
481130082002,-96.695267,32.842134
481130082003,-96.698403,32.834883
481130082004,-96.691343,32.838428
481130167012,-96.770613,32.66055
481130084001,-96.724254,32.773381
481130084002,-96.713109,32.778399
481130084003,-96.71534,32.771103
481130167011,-96.776901,32.657803
481130166052,-96.86073,32.641324
481130166061,-96.879841,32.647168
481130166071,-96.881895,32.65345
481130166072,-96.888743,32.653609
481130011022,-96.757211,32.818635
481130167013,-96.762924,32.664028
481130167014,-96.761216,32.656543
481130181244,-96.541711,32.917679
481130181291,-96.608963,32.839464
481130181301,-96.625088,32.846454
481130181321,-96.571836,32.833838
481130181332,-96.591131,32.896802
481130192122,-96.759903,32.93724
481130192123,-96.760135,32.930981
481130192131,-96.756351,32.933736
481130181351,-96.533223,32.878436
481130181361,-96.553407,32.876776
481130011021,-96.757003,32.821509
481130192132,-96.753769,32.938155
481130193021,-96.772529,32.849201
481130195023,-96.813327,32.847102
481130198001,-96.818179,32.825301
481130199003,-96.890013,32.731342
481130201001,-96.891027,32.840805
481130011023,-96.757737,32.815021
481130012021,-96.734382,32.799335
481130012022,-96.740578,32.805996
481130012023,-96.736757,32.807484
481130012031,-96.743043,32.803131
481130012032,-96.745519,32.801919
481130012041,-96.750051,32.800126
481130012042,-96.746757,32.79732
481130013011,-96.752568,32.803881
481130014002,-96.769104,32.802882
481130013012,-96.750277,32.808522
481130013013,-96.756573,32.806189
481130013021,-96.759399,32.800622
481130013022,-96.766414,32.801677
481130013023,-96.763462,32.799956
481130014001,-96.762882,32.806046
481130057002,-96.80551,32.707605
481130057003,-96.796379,32.703423
481130057004,-96.800872,32.699035
481130059011,-96.810944,32.703954
481130059012,-96.81206,32.695286
481130096052,-96.860051,32.911429
481130059013,-96.806366,32.695668
481130059014,-96.805498,32.690291
481130059015,-96.809494,32.686176
481130059016,-96.801716,32.686413
481130064022,-96.874114,32.732045
481130064023,-96.871524,32.727822
481130064024,-96.871568,32.722619
481130065011,-96.894391,32.728307
481130065012,-96.886041,32.731153
481130065013,-96.880188,32.731629
481130065021,-96.879882,32.724528
481130065022,-96.886764,32.726361
481130065023,-96.88397,32.720265
481130096042,-96.814551,32.920111
481130096043,-96.809966,32.913805
481130096044,-96.81581,32.924147
481130096071,-96.859803,32.902881
481130096051,-96.868619,32.913113
481130096072,-96.867968,32.905947
481130096073,-96.867184,32.898856
481130096081,-96.842334,32.912964
481130091031,-96.704874,32.742424
481130091032,-96.703497,32.737047
481130091041,-96.696062,32.745206
481130091042,-96.687438,32.745731
481130091051,-96.697196,32.738181
481130091052,-96.691953,32.737287
481130091053,-96.686512,32.738965
481130108014,-96.901036,32.710899
481130092011,-96.667174,32.745872
481130092012,-96.678466,32.745374
481130108013,-96.906981,32.717195
481130108031,-96.86095,32.701217
481130108032,-96.869158,32.701971
481130108033,-96.865612,32.694743
481130108034,-96.895563,32.700947
481130108035,-96.885356,32.6957
481130108036,-96.88095,32.700661
481130108041,-96.86141,32.714403
481130124005,-96.691343,32.827448
481130124006,-96.681158,32.823205
481130125001,-96.665722,32.83739
481130125002,-96.661319,32.823814
481130125003,-96.66644,32.831978
481130125004,-96.66501,32.826263
481130125005,-96.672581,32.825645
481130014004,-96.756569,32.809522
481130015021,-96.769692,32.796923
481130126011,-96.661374,32.857581
481130126012,-96.662096,32.848414
481130014003,-96.760823,32.80984
481130015044,-96.776683,32.796603
481130015022,-96.771198,32.791833
481130015023,-96.766857,32.794463
481130015024,-96.764703,32.79256
481130015031,-96.772983,32.806636
481130015032,-96.776978,32.80326
481130015033,-96.780142,32.799607
481130015041,-96.770142,32.805715
481130015042,-96.77503,32.801545
481130015043,-96.772918,32.799722
481130016001,-96.788387,32.794708
481130079133,-96.76943,32.848451
481130079141,-96.770319,32.841667
481130079142,-96.764327,32.845115
481130063012,-96.84496,32.718608
481130080001,-96.738162,32.828712
481130080002,-96.738921,32.837051
481130080003,-96.747778,32.834518
481130080004,-96.728235,32.839665
481130080005,-96.744439,32.82366
481130080006,-96.748918,32.82727
481130081001,-96.714727,32.828249
481130017011,-96.795159,32.789908
481130190194,-96.715516,32.913631
481130190341,-96.724127,32.920669
481130017031,-96.797255,32.801869
481130190342,-96.732805,32.919686
481130190351,-96.720766,32.913434
481130190352,-96.722961,32.911004
481130190353,-96.727888,32.913215
481130190401,-96.752039,32.928969
481130190411,-96.734687,32.924864
481130190412,-96.72676,32.925453
481130190413,-96.723524,32.92537
481130016002,-96.78971,32.801042
481130017032,-96.796494,32.795629
481130017033,-96.796429,32.79874
481130017041,-96.79998,32.796576
481130017042,-96.801807,32.791648
481130018001,-96.800853,32.805529
481130018002,-96.80431,32.798886
481130024003,-96.75468,32.796064
481130019001,-96.8079,32.794869
481130019002,-96.809689,32.789906
481130020001,-96.81928,32.7623
481130020002,-96.812823,32.760742
481130027021,-96.75261,32.772499
481130020003,-96.811931,32.753527
481130020004,-96.819643,32.75187
481130020005,-96.814164,32.755816
481130021001,-96.805746,32.783055
481130021002,-96.798786,32.785972
481130087031,-96.776126,32.706144
481130022001,-96.785072,32.790719
481130022002,-96.777033,32.788595
481130024001,-96.759003,32.797231
481130024002,-96.757751,32.791816
481130025001,-96.738303,32.783415
481130025002,-96.740918,32.787124
481130025003,-96.749475,32.786744
481130025004,-96.75986,32.787078
481130027011,-96.733969,32.771938
481130027012,-96.740962,32.771939
481130027013,-96.742999,32.775754
481130027014,-96.747388,32.776957
481130141231,-96.943803,32.967068
481130027022,-96.749778,32.768881
481130031011,-96.794623,32.780942
481130031012,-96.803938,32.778745
481130034001,-96.782212,32.756729
481130034002,-96.777948,32.764037
481130037001,-96.760509,32.767041
481130037002,-96.766755,32.762328
481130037003,-96.75813,32.762518
481130037004,-96.765551,32.757604
481130063013,-96.850729,32.717723
481130038001,-96.76166,32.753475
481130038002,-96.751416,32.760867
481130038003,-96.757657,32.756496
481130039011,-96.743281,32.763583
481130039012,-96.746872,32.756632
481130039021,-96.754862,32.743769
481130039022,-96.754094,32.750431
481130040001,-96.771607,32.751083
481130040002,-96.762704,32.742279
481130044001,-96.839238,32.75645
481130041001,-96.806107,32.746744
481130041002,-96.802351,32.754684
481130042011,-96.829859,32.764015
481130042012,-96.834067,32.753673
481130042013,-96.826419,32.758128
481130042014,-96.825379,32.752028
481130042015,-96.829719,32.752029
481130042021,-96.840749,32.751563
481130042022,-96.847504,32.751528
481130042023,-96.85179,32.754509
481130052003,-96.850444,32.738158
481130043001,-96.829356,32.772721
481130043002,-96.846312,32.775661
481130043003,-96.846643,32.769487
481130044002,-96.842674,32.761196
481130044003,-96.8539,32.761173
481130045001,-96.856171,32.748519
481130045002,-96.869248,32.747302
481130045003,-96.862838,32.744223
481130045004,-96.871712,32.738776
481130046001,-96.840732,32.746475
481130046002,-96.847414,32.747451
481130047001,-96.828254,32.74524
481130052004,-96.846077,32.738136
481130047002,-96.829279,32.747244
481130047003,-96.834825,32.747291
481130048001,-96.812739,32.748215
481130048002,-96.818372,32.748943
481130048003,-96.819679,32.74479
481130048004,-96.818694,32.739008
481130049001,-96.808493,32.731632
481130049002,-96.804365,32.742119
481130049003,-96.805814,32.737398
481130049004,-96.802422,32.73199
481130050001,-96.827469,32.740784
481130050002,-96.834907,32.740127
481130063014,-96.854539,32.716755
481130050003,-96.829957,32.735745
481130051001,-96.840982,32.739391
481130051002,-96.844378,32.733234
481130052001,-96.850603,32.744141
481130052002,-96.854622,32.73918
481130053001,-96.860101,32.738096
481130053002,-96.866283,32.73802
481130053003,-96.866182,32.731909
481130053004,-96.860214,32.732089
481130053005,-96.853372,32.731089
481130060011,-96.837295,32.702899
481130054001,-96.818056,32.73218
481130054002,-96.812738,32.722059
481130054003,-96.818419,32.727406
481130054004,-96.819843,32.722571
481130055001,-96.78914,32.732678
481130055002,-96.797125,32.725735
481130055003,-96.805995,32.724429
481130055004,-96.805707,32.717445
481130056001,-96.82163,32.718451
481130056002,-96.81877,32.710348
481130056003,-96.825749,32.709976
481130056004,-96.815361,32.712794
481130057001,-96.795897,32.690506
481130059021,-96.818728,32.704133
481130059022,-96.818681,32.692883
481130060012,-96.833733,32.708329
481130060013,-96.836899,32.711049
481130060021,-96.829058,32.69572
481130060022,-96.832296,32.701126
481130060023,-96.835886,32.697124
481130061001,-96.851912,32.700022
481130061002,-96.84507,32.697001
481130062001,-96.827866,32.727286
481130063011,-96.843915,32.715266
481130062002,-96.832746,32.730194
481130062003,-96.835328,32.724582
481130062004,-96.837075,32.717541
481130062005,-96.831993,32.71627
481130063015,-96.850751,32.70983
481130063016,-96.842109,32.709436
481130063021,-96.84225,32.726251
481130063022,-96.849333,32.726811
481130063023,-96.850796,32.722259
481130064011,-96.860684,32.72646
481130064012,-96.86641,32.7253
481130064021,-96.876054,32.724104
481130067001,-96.8776,32.74535
481130068001,-96.87066,32.751962
481130069003,-96.870227,32.757565
481130067002,-96.892596,32.745389
481130067003,-96.887664,32.744216
481130067004,-96.876528,32.738258
481130096102,-96.885394,32.8998
481130068002,-96.861998,32.75331
481130068003,-96.859558,32.758004
481130069001,-96.864164,32.764056
481130069002,-96.869923,32.761862
481130071011,-96.817067,32.848317
481130071012,-96.817903,32.841044
481130071021,-96.825741,32.84806
481130071022,-96.834291,32.848477
481130071023,-96.826559,32.834354
481130077002,-96.799802,32.866944
481130071024,-96.829016,32.842144
481130071025,-96.825861,32.838984
481130072011,-96.875338,32.864247
481130072012,-96.870176,32.85853
481130072013,-96.875246,32.85964
481130072014,-96.877674,32.855563
481130072015,-96.874549,32.855224
481130072021,-96.869248,32.862708
481130072022,-96.866887,32.861354
481130072023,-96.865257,32.859453
481130072024,-96.866799,32.864876
481130072025,-96.862085,32.860626
481130098024,-96.862866,32.868379
481130073011,-96.818598,32.85845
481130073012,-96.811176,32.860865
481130073023,-96.830847,32.858543
481130073021,-96.84263,32.856456
481130073022,-96.825457,32.856534
481130073024,-96.844161,32.861705
481130076011,-96.828022,32.889824
481130077001,-96.791124,32.876713
481130076012,-96.832239,32.883701
481130076041,-96.791622,32.890504
481130076042,-96.79156,32.883037
481130076043,-96.800214,32.887429
481130076051,-96.814735,32.887403
481130076052,-96.806458,32.887262
481130077003,-96.799793,32.87416
481130077004,-96.791058,32.869421
481130078011,-96.777303,32.871595
481130078012,-96.782131,32.876234
481130078051,-96.754806,32.906163
481130078041,-96.752345,32.912338
481130078042,-96.756492,32.919453
481130078043,-96.763099,32.91541
481130078044,-96.747958,32.916841
481130078151,-96.759459,32.873462
481130078052,-96.760909,32.900466
481130078053,-96.753887,32.900859
481130078091,-96.748959,32.859425
481130078121,-96.745711,32.89732
481130078122,-96.746927,32.885727
481130078152,-96.759046,32.878428
481130078153,-96.754527,32.882245
481130078181,-96.755909,32.866219
481130078182,-96.751678,32.865083
481130078183,-96.760936,32.869781
481130078184,-96.75863,32.868439
481130078191,-96.756649,32.864012
481130078192,-96.764545,32.868468
481130078201,-96.746568,32.866669
481130078202,-96.756885,32.869614
481130078203,-96.751854,32.867422
481130078211,-96.755292,32.872301
481130078212,-96.756768,32.873122
481130078213,-96.747558,32.872805
481130078221,-96.765997,32.875677
481130078222,-96.767732,32.884146
481130078231,-96.767378,32.895105
481130079021,-96.735775,32.850471
481130078232,-96.761838,32.891361
481130078233,-96.763747,32.886688
481130078241,-96.737856,32.882755
481130079022,-96.742853,32.852139
481130078242,-96.738304,32.874391
481130078251,-96.734283,32.897484
481130079023,-96.747237,32.841675
481130078252,-96.734551,32.890131
481130078253,-96.729931,32.892158
481130078254,-96.739317,32.889688
481130078255,-96.727194,32.893406
481130079132,-96.766022,32.847379
481130078261,-96.734187,32.87125
481130078271,-96.72821,32.890479
481130078272,-96.733647,32.881653
481130078273,-96.731556,32.882166
481130096103,-96.886783,32.906483
481130079024,-96.749757,32.85399
481130079025,-96.748636,32.847792
481130079031,-96.755213,32.854526
481130079032,-96.757262,32.84673
481130079061,-96.779658,32.862007
481130081002,-96.701504,32.826937
481130079062,-96.77342,32.859316
481130079091,-96.762358,32.852221
481130079092,-96.767827,32.853842
481130079101,-96.76151,32.85745
481130079102,-96.763313,32.854972
481130079111,-96.76159,32.862786
481130079112,-96.757454,32.860202
481130079121,-96.767185,32.863175
481130079122,-96.767917,32.859035
481130079131,-96.762757,32.848812
481130081003,-96.708594,32.81836
481130084004,-96.702968,32.768
481130084005,-96.705862,32.774045
481130084006,-96.709702,32.766611
481130087014,-96.765279,32.699736
481130084007,-96.722516,32.786745
481130085001,-96.688237,32.774257
481130085002,-96.697105,32.775077
481130085003,-96.695649,32.767524
481130085004,-96.686879,32.766665
481130086031,-96.766401,32.725066
481130086032,-96.7837,32.737448
481130087015,-96.762988,32.693091
481130086041,-96.771404,32.71673
481130086042,-96.765408,32.719819
481130087011,-96.766952,32.712139
481130087012,-96.761831,32.7057
481130087013,-96.769383,32.704254
481130087032,-96.785784,32.701509
481130087041,-96.777879,32.698543
481130087042,-96.774612,32.695193
481130087043,-96.787666,32.692542
481130087051,-96.775323,32.687604
481130098044,-96.872833,32.874668
481130087052,-96.783228,32.685187
481130088011,-96.788843,32.721889
481130088012,-96.79341,32.716625
481130088013,-96.801604,32.71372
481130088021,-96.782377,32.714993
481130088022,-96.788954,32.712549
481130088023,-96.796457,32.709771
481130088024,-96.792197,32.70483
481130088025,-96.786139,32.707753
481130088026,-96.778889,32.711141
481130090001,-96.670413,32.758456
481130089001,-96.787797,32.747156
481130089002,-96.797131,32.741959
481130089003,-96.794714,32.735624
481130090002,-96.677857,32.759187
481130090003,-96.678435,32.751825
481130090004,-96.668285,32.751281
481130091012,-96.698464,32.753083
481130090005,-96.676721,32.769961
481130091011,-96.69546,32.760988
481130093011,-96.685539,32.726604
481130091013,-96.695601,32.757063
481130091014,-96.687068,32.753251
481130092013,-96.678371,32.73822
481130092014,-96.66875,32.74052
481130092015,-96.668548,32.736075
481130092021,-96.668236,32.73018
481130092022,-96.678739,32.728921
481130092023,-96.673718,32.722849
481130093012,-96.691532,32.728172
481130093013,-96.700909,32.730917
481130093033,-96.709068,32.723397
481130094012,-96.851756,32.872678
481130093031,-96.720682,32.723191
481130093032,-96.714884,32.723419
481130093041,-96.691289,32.718457
481130093042,-96.696516,32.716445
481130093043,-96.715762,32.71502
481130093044,-96.7078,32.716425
481130094011,-96.852591,32.865756
481130096031,-96.834111,32.912787
481130094013,-96.85166,32.877866
481130094021,-96.843543,32.867552
481130094022,-96.842691,32.875887
481130095001,-96.847373,32.884014
481130095002,-96.847318,32.891432
481130096032,-96.830378,32.92182
481130096033,-96.822973,32.914897
481130096041,-96.807465,32.92172
481130096082,-96.842313,32.920203
481130096101,-96.881757,32.90665
481130096083,-96.851076,32.914768
481130096091,-96.842454,32.906197
481130096092,-96.85108,32.905762
481130096093,-96.851142,32.898765
481130096094,-96.842211,32.898609
481130096111,-96.876582,32.906789
481130096112,-96.876798,32.901722
481130096113,-96.876207,32.897336
481130097011,-96.875696,32.891472
481130097012,-96.882748,32.888268
481130098023,-96.858558,32.871643
481130097013,-96.872514,32.88407
481130097021,-96.860234,32.883832
481130097022,-96.86368,32.890635
481130098021,-96.860413,32.878077
481130098022,-96.862759,32.873401
481130098025,-96.858548,32.864848
481130098031,-96.870266,32.878699
481130098032,-96.878729,32.874211
481130098033,-96.87201,32.876528
481130098041,-96.866933,32.873865
481130098042,-96.871603,32.870185
481130098043,-96.866423,32.868808
481130099001,-96.927216,32.902081
481130099002,-96.903911,32.87774
481130101012,-96.847827,32.786552
481130101013,-96.849087,32.780977
481130100001,-96.828843,32.793439
481130100002,-96.876889,32.819651
481130101011,-96.849023,32.790327
481130101021,-96.830687,32.78306
481130101022,-96.840151,32.785054
481130101023,-96.839902,32.780378
481130105001,-96.879909,32.790478
481130109022,-96.868583,32.658046
481130105002,-96.887123,32.775068
481130106011,-96.910051,32.782404
481130106013,-96.891423,32.783865
481130106012,-96.898445,32.791782
481130106021,-96.915909,32.772408
481130106022,-96.911572,32.771319
481130108051,-96.887002,32.708902
481130107011,-96.899468,32.758495
481130108052,-96.877542,32.714408
481130107012,-96.908669,32.746227
481130107031,-96.923295,32.741596
481130108053,-96.870337,32.713623
481130109021,-96.861945,32.658991
481130107032,-96.937731,32.72583
481130107041,-96.908881,32.726405
481130107042,-96.908508,32.737774
481130108011,-96.888457,32.715431
481130108012,-96.895691,32.716957
481130108042,-96.870086,32.706614
481130109023,-96.872424,32.655352
481130109031,-96.886728,32.67666
481130109032,-96.889614,32.668241
481130111042,-96.835425,32.655542
481130109041,-96.869246,32.682071
481130109042,-96.876659,32.665195
481130110011,-96.851551,32.688704
481130110012,-96.844014,32.68665
481130110013,-96.854615,32.683187
481130110014,-96.852439,32.676687
481130110015,-96.844701,32.679864
481130110016,-96.844968,32.67456
481130110021,-96.830431,32.679201
481130110022,-96.835994,32.687197
481130110023,-96.832142,32.683347
481130111011,-96.848328,32.667152
481130111012,-96.84833,32.658483
481130111013,-96.848303,32.649647
481130111031,-96.826055,32.668361
481130111032,-96.834547,32.670967
481130111033,-96.834493,32.665439
481130111041,-96.835454,32.659692
481130111043,-96.835106,32.651252
481130111044,-96.835162,32.645679
481130111051,-96.826869,32.657759
481130111052,-96.8273,32.650533
481130111053,-96.826225,32.644853
481130119001,-96.644043,32.738348
481130112001,-96.814739,32.659651
481130112002,-96.818959,32.680216
481130112003,-96.810389,32.679204
481130114011,-96.757586,32.683414
481130127012,-96.680578,32.846718
481130113001,-96.794105,32.665134
481130113002,-96.800793,32.678024
481130113003,-96.800108,32.672424
481130127013,-96.669427,32.847152
481130114012,-96.776815,32.675363
481130114013,-96.769011,32.673292
481130115001,-96.737347,32.763548
481130116021,-96.672556,32.701007
481130115002,-96.735127,32.760722
481130115003,-96.754611,32.737227
481130115004,-96.729837,32.7447
481130117012,-96.661288,32.711507
481130116011,-96.69116,32.709356
481130116012,-96.686829,32.692179
481130116013,-96.715565,32.705191
481130118001,-96.638818,32.726703
481130116022,-96.668303,32.689502
481130116023,-96.648529,32.686262
481130116024,-96.67732,32.708729
481130117011,-96.65273,32.714167
481130117013,-96.672295,32.714363
481130117014,-96.652536,32.704933
481130117021,-96.638761,32.710594
481130117022,-96.643694,32.712378
481130117023,-96.645368,32.699069
481130118002,-96.644961,32.728722
481130118003,-96.652628,32.726906
481130118004,-96.660981,32.726088
481130118005,-96.641833,32.724117
481130119002,-96.652679,32.745388
481130119003,-96.659647,32.740777
481130119004,-96.652457,32.738224
481130119005,-96.63945,32.741328
481130119006,-96.643968,32.745573
481130120001,-96.660127,32.75404
481130120002,-96.66275,32.76011
481130120003,-96.652201,32.758245
481130120004,-96.652414,32.752111
481130121001,-96.662856,32.765823
481130121002,-96.663686,32.772789
481130121003,-96.651514,32.764956
481130122041,-96.700332,32.808075
481130122042,-96.702461,32.804526
481130122043,-96.707826,32.801699
481130122044,-96.699214,32.797856
481130122045,-96.712309,32.796614
481130122061,-96.712026,32.789908
481130122062,-96.702833,32.788518
481130122063,-96.706286,32.782133
481130122071,-96.677461,32.783977
481130122072,-96.691883,32.791089
481130122073,-96.692772,32.782357
481130122081,-96.721784,32.800577
481130122082,-96.724144,32.795551
481130122091,-96.699316,32.815858
481130122092,-96.712251,32.807013
481130122101,-96.688561,32.812252
481130122102,-96.69357,32.810282
481130122111,-96.694041,32.803805
481130122112,-96.690343,32.801217
481130122113,-96.685671,32.802072
481130123011,-96.668065,32.818018
481130123012,-96.678211,32.817623
481130123013,-96.686099,32.81528
481130123021,-96.670463,32.810416
481130127014,-96.674426,32.848285
481130123022,-96.678503,32.811102
481130123023,-96.678348,32.803096
481130124001,-96.683208,32.836559
481130124002,-96.685842,32.833365
481130124003,-96.679448,32.830238
481130124004,-96.687711,32.823122
481130126013,-96.654402,32.855223
481130126031,-96.659953,32.842771
481130126032,-96.655546,32.839097
481130126041,-96.644469,32.850896
481130126042,-96.647827,32.845385
481130127011,-96.670683,32.858242
481130127021,-96.681951,32.84077
481130127022,-96.675967,32.838562
481130127023,-96.670041,32.840582
481130128001,-96.689779,32.85275
481130128006,-96.677832,32.861713
481130128002,-96.690381,32.846754
481130128003,-96.695983,32.859573
481130128004,-96.687564,32.859786
481130128005,-96.680336,32.854512
481130129001,-96.702915,32.860031
481130129002,-96.715124,32.858873
481130129003,-96.706473,32.846449
481130129004,-96.715878,32.84433
481130129005,-96.707967,32.854915
481130130041,-96.713305,32.87523
481130130042,-96.721483,32.873
481130130051,-96.704778,32.882644
481130130043,-96.72879,32.872015
481130130044,-96.72447,32.864475
481130130045,-96.71434,32.867557
481130130052,-96.704391,32.875246
481130130053,-96.702701,32.868435
481130130054,-96.707484,32.867527
481130130071,-96.697151,32.874876
481130130072,-96.696911,32.867619
481130130073,-96.688367,32.86696
481130130081,-96.722941,32.889849
481130130082,-96.724202,32.882545
481130130091,-96.715022,32.895639
481130130092,-96.71262,32.889677
481130130093,-96.713499,32.882446
481130130101,-96.676152,32.867932
481130130102,-96.689296,32.871482
481130130103,-96.681156,32.866351
481130130111,-96.689576,32.876546
481130131052,-96.773081,32.89371
481130130112,-96.686383,32.873985
481130130113,-96.695533,32.880051
481130131011,-96.774643,32.905247
481130131012,-96.783623,32.904877
481130131013,-96.779454,32.898217
481130131021,-96.782181,32.883591
481130131022,-96.78235,32.890735
481130131041,-96.774868,32.882547
481130131042,-96.771947,32.885192
481130131051,-96.772974,32.889521
481130131053,-96.775194,32.893614
481130131054,-96.770418,32.893393
481130132001,-96.794981,32.921097
481130132002,-96.77193,32.918135
481130132003,-96.781386,32.91646
481130132004,-96.79503,32.9133
481130133001,-96.795502,32.905757
481130133002,-96.795969,32.898277
481130134001,-96.815153,32.901105
481130134002,-96.808069,32.903006
481130135001,-96.824176,32.902456
481130135002,-96.833979,32.902314
481130136051,-96.773659,32.973487
481130136052,-96.781592,32.974836
481130136053,-96.782273,32.966092
481130136054,-96.77384,32.965282
481130136061,-96.788953,32.955828
481130136072,-96.782398,32.959377
481130136062,-96.794749,32.955486
481130136063,-96.800828,32.956785
481130136071,-96.773981,32.959033
481130136073,-96.782481,32.953654
481130136074,-96.773715,32.953394
481130136081,-96.79491,32.944692
481130136082,-96.794689,32.932306
481130136091,-96.773786,32.948307
481130136092,-96.78205,32.94494
481130136093,-96.773618,32.94293
481130136101,-96.772703,32.935497
481130136152,-96.807843,32.930655
481130136102,-96.780389,32.937084
481130136103,-96.77401,32.931059
481130136104,-96.779251,32.927653
481130136153,-96.811848,32.937097
481130136182,-96.781923,32.982569
481130136111,-96.815766,32.981755
481130136112,-96.814668,32.972936
481130136151,-96.806869,32.93681
481130136233,-96.806473,32.940153
481130136161,-96.82396,32.970508
481130136163,-96.817248,32.929818
481130136171,-96.789836,32.982823
481130136172,-96.798286,32.983538
481130136173,-96.802257,32.978048
481130136181,-96.773496,32.982398
481130136191,-96.787682,32.970119
481130136192,-96.793288,32.971173
481130136241,-96.820266,32.948305
481130136242,-96.816104,32.941239
481130136193,-96.800078,32.969249
481130136201,-96.815784,32.958616
481130136243,-96.816721,32.944926
481130136251,-96.819817,32.941196
481130136202,-96.81497,32.966053
481130136203,-96.816685,32.966867
481130136211,-96.807512,32.964611
481130136252,-96.820739,32.94472
481130136212,-96.808183,32.958418
481130136213,-96.806629,32.956175
481130136221,-96.812685,32.944752
481130136261,-96.815449,32.933139
481130136222,-96.806504,32.950268
481130136231,-96.811405,32.941401
481130136232,-96.80671,32.94448
481130136262,-96.818625,32.936698
481130137221,-96.849562,32.98743
481130137271,-96.835061,32.9873
481130138062,-96.828063,32.926331
481130140011,-96.894692,32.911709
481130140021,-96.902756,32.910629
481130140022,-96.941451,32.961315
481130141193,-96.977941,32.954473
481130141201,-96.964386,32.951711
481130141203,-96.972767,32.955326
481130141214,-96.943515,32.960571
481130141213,-96.943966,32.943516
481130141271,-96.979527,32.939113
481130141301,-96.936493,32.921856
481130141381,-96.928545,32.884617
481130141382,-96.928431,32.895812
481130142064,-96.924577,32.869482
481130158001,-96.944591,32.738974
481130164121,-96.986785,32.660749
481130159003,-96.967543,32.732665
481130163011,-96.975311,32.707808
481130164122,-96.982834,32.669351
481130164132,-96.990291,32.651934
481130163012,-96.979639,32.726138
481130163013,-96.970987,32.713911
481130165021,-96.892013,32.674821
481130164081,-96.979194,32.699185
481130165101,-96.95316,32.655188
481130164091,-96.978637,32.683768
481130164092,-96.989664,32.687609
481130165102,-96.979138,32.645571
481130165103,-96.962586,32.637243
481130169021,-96.726132,32.661382
481130170013,-96.601485,32.668443
481130165104,-96.947945,32.637515
481130165111,-96.947986,32.629724
481130165112,-96.947717,32.624087
481130165201,-96.924307,32.705094
481130165202,-96.911471,32.686005
481130165203,-96.898696,32.682173
481130170041,-96.573304,32.694217
481130165211,-96.957395,32.665686
481130165212,-96.951499,32.687902
481130165221,-96.994258,32.623444
481130166051,-96.831689,32.637666
481130167031,-96.752313,32.638908
481130167033,-96.790344,32.644271
481130170014,-96.599257,32.657113
481130170033,-96.564317,32.69547
481130170042,-96.586434,32.680694
481130170043,-96.566737,32.686585
481130171021,-96.616896,32.679006
481130171022,-96.64566,32.664078
481130171011,-96.607041,32.69649
481130171012,-96.598261,32.690422
481130176051,-96.644096,32.75308
481130176052,-96.644756,32.758657
481130178051,-96.66428,32.778754
481130180013,-96.653789,32.83677
481130178052,-96.679796,32.797363
481130178062,-96.675016,32.799717
481130178081,-96.602204,32.834588
481130179002,-96.658393,32.824686
481130179003,-96.661733,32.820343
481130181042,-96.528793,32.817483
481130181102,-96.591312,32.886274
481130181184,-96.581199,32.873468
481130190162,-96.739839,32.920379
481130181241,-96.519002,32.947677
481130181242,-96.52108,32.940496
481130181403,-96.545178,32.913035
481130185051,-96.715339,32.906335
481130181365,-96.580653,32.881345
481130185033,-96.72136,32.907186
481130181371,-96.553481,32.867351
481130181411,-96.528043,32.864123
481130181412,-96.532812,32.854155
481130185052,-96.71049,32.907558
481130181421,-96.53743,32.842039
481130185031,-96.726193,32.907488
481130185032,-96.719275,32.90432
481130185061,-96.699537,32.89482
481130185062,-96.71428,32.900503
481130190161,-96.737106,32.920203
481130190163,-96.743499,32.918962
481130190181,-96.708853,32.924707
481130190182,-96.715288,32.928261
481130190183,-96.71474,32.923277
481130190191,-96.715005,32.919098
481130190192,-96.705451,32.913268
481130190193,-96.711823,32.912002
481130192051,-96.762538,32.984747
481130192081,-96.765144,32.927217
481130192082,-96.76522,32.936061
481130192083,-96.765597,32.930968
481130192121,-96.759465,32.934333
481130203001,-96.765053,32.776674
481130202001,-96.740403,32.702974
481130202002,-96.75426,32.671621
481130202003,-96.722679,32.678539
481130203002,-96.770403,32.770076
481130203003,-96.767658,32.767104
481130204001,-96.794417,32.764648
481130205001,-96.863966,32.775527
481130204002,-96.780643,32.778659
481130204003,-96.79779,32.775559
481130205002,-96.866108,32.79005
481130206001,-96.812741,32.872792
481130206002,-96.830189,32.872591
481139801001,-96.849426,32.845562
