"","origin","Jobs","workers","Wieghted_Avg","Job_Perct"
"1",4.8113e+11,509132,7923,4391.14732,6.630507401
"2",4.8113e+11,1286467.5,3081,4314.678841,6.515042175
"3",4.8113e+11,535839,3729,2175.127206,3.284380138
"4",4.8113e+11,622228.5,2452,1660.842014,2.507824144
"5",4.8113e+11,872580,1659,1575.830849,2.379459705
"6",4.8113e+11,949285,1331,1375.411437,2.076832101
"7",4.8113e+11,495669,2325,1254.505798,1.894268029
"8",4.8113e+11,323444.5,2792,983.0444193,1.484369078
"9",4.8113e+11,298296.5,2943,955.6445278,1.442996022
"10",4.8113e+11,590496,1443,927.5583699,1.400586723
"11",4.8113e+11,496372,1645,888.8554406,1.342146402
"12",4.8113e+11,426444.5,1911,887.1175317,1.339522209
"13",4.8113e+11,550066,1472,881.4152681,1.330911954
"14",4.8113e+11,313174.5,2415,823.3063884,1.2431692
"15",4.8113e+11,293914,2561,819.3846226,1.237247446
"16",4.8113e+11,363411,1893,748.8703574,1.130772913
"17",4.8113e+11,478599,1406,732.512542,1.106073078
"18",4.8113e+11,930899,721,730.6271155,1.103226137
"19",4.8113e+11,553678,1173,706.9899448,1.067534683
"20",4.8113e+11,394445,1573,675.4187853,1.019863131
"21",4.8113e+11,521649,1158,657.574398,0.992918615
"22",4.8113e+11,320475,1872,653.0673294,0.986113069
"23",4.8113e+11,274172,2012,600.4945,0.906729594
"24",4.8113e+11,481722,1132,593.6095307,0.896333486
"25",4.8113e+11,315162,1580,542.0619116,0.81849805
"26",4.8113e+11,460013,1037,519.2862449,0.784107441
"27",4.8113e+11,543816,801,474.179151,0.715997014
"28",4.8113e+11,222843.5,1808,438.5876057,0.662254794
"29",4.8113e+11,400543,971,423.3760958,0.639285848
"30",4.8113e+11,273681,1388,413.5157653,0.624397029
"31",4.8113e+11,145489,2382,377.2505429,0.569637576
"32",4.8113e+11,344799,1005,377.215923,0.569585301
"33",4.8113e+11,281237,1186,363.0906815,0.548256589
"34",4.8113e+11,228502.5,1412,351.2235354,0.530337536
"35",4.8113e+11,255837,1251,348.4003808,0.526074653
"36",4.8113e+11,310806,1021,345.4403728,0.521605125
"37",4.8113e+11,240812,1303,341.570612,0.515761897
"38",4.8113e+11,446351,689,334.7755186,0.505501499
"39",4.8113e+11,508255,605,334.7302731,0.50543318
"40",4.8113e+11,311158,971,328.8956722,0.496623099
"41",4.8113e+11,516444,551,309.7653187,0.46773681
"42",4.8113e+11,374452,728,296.7464221,0.448078647
"43",4.8113e+11,257668,1056,296.198164,0.447250792
"44",4.8113e+11,375100,708,289.0934682,0.436522904
"45",4.8113e+11,288789,914,287.3325321,0.433863941
"46",4.8113e+11,437899,589,280.7677397,0.423951291
"47",4.8113e+11,508744,504,279.1179677,0.421460182
"48",4.8113e+11,244833.5,1041,277.4466773,0.418936582
"49",4.8113e+11,247917.5,971,262.050125,0.395688226
"50",4.8113e+11,194946,1221,259.1122527,0.391252122
"51",4.8113e+11,229401,1003,250.4691242,0.378201245
"52",4.8113e+11,243519.5,944,250.2440126,0.377861332
"53",4.8113e+11,222733.5,1024,248.2809827,0.374897213
"54",4.8113e+11,126775,1780,245.6470647,0.370920072
"55",4.8113e+11,100293,2233,243.7907946,0.368117157
"56",4.8113e+11,170310,1308,242.4967098,0.366163126
"57",4.8113e+11,304156,732,242.3625017,0.365960475
"58",4.8113e+11,243424,914,242.1963243,0.365709552
"59",4.8113e+11,334444.5,637,231.9110532,0.350179086
"60",4.8113e+11,158132,1303,224.2963142,0.338681047
"61",4.8113e+11,453736.5,454,224.2422937,0.338599477
"62",4.8113e+11,269489.5,743,217.9659325,0.329122351
"63",4.8113e+11,96238,2070,216.8577223,0.327448985
"64",4.8113e+11,133328,1492,216.5449924,0.326976772
"65",4.8113e+11,68369.5,2827,210.4002104,0.317698326
"66",4.8113e+11,150040,1244,203.182076,0.306799148
"67",4.8113e+11,247399,750,201.9840894,0.304990223
"68",4.8113e+11,144870,1277,201.3850907,0.304085752
"69",4.8113e+11,122955,1471,196.8869015,0.297293614
"70",4.8113e+11,264406.5,681,196.0095343,0.295968815
"71",4.8113e+11,245648,731,195.4738051,0.295159879
"72",4.8113e+11,541528,327,192.7643096,0.291068618
"73",4.8113e+11,194798.5,899,190.6352716,0.287853831
"74",4.8113e+11,241497,725,190.5933327,0.287790505
"75",4.8113e+11,168609,1033,189.600305,0.286291061
"76",4.8113e+11,121127,1432,188.8173667,0.285108846
"77",4.8113e+11,154838,1119,188.610383,0.284796307
"78",4.8113e+11,260824.5,653,185.4041805,0.279955033
"79",4.8113e+11,361841,462,181.9775057,0.274780851
"80",4.8113e+11,192474.5,827,173.2753031,0.261640773
"81",4.8113e+11,222486.5,710,171.9570438,0.259650239
"82",4.8113e+11,179140,874,170.436246,0.257353878
"83",4.8113e+11,92693,1674,168.9119398,0.255052219
"84",4.8113e+11,322159,477,167.2809958,0.25258954
"85",4.8113e+11,136908,1077,160.510145,0.242365748
"86",4.8113e+11,159772.5,911,158.4449367,0.239247342
"87",4.8113e+11,77264,1812,152.4029378,0.230124096
"88",4.8113e+11,219121.5,638,152.1821195,0.229790667
"89",4.8113e+11,121127,1151,151.7659141,0.229162208
"90",4.8113e+11,169544,817,150.7864925,0.22768331
"91",4.8113e+11,150416,919,150.4760922,0.227214614
"92",4.8113e+11,153384.5,899,150.1063706,0.226656345
"93",4.8113e+11,258836,531,149.6156964,0.225915441
"94",4.8113e+11,207751.5,649,146.7732201,0.221623383
"95",4.8113e+11,125466,1039,141.9056076,0.214273426
"96",4.8113e+11,124795,1005,136.5278354,0.206153143
"97",4.8113e+11,85888,1432,133.8854755,0.202163255
"98",4.8113e+11,69458,1760,133.0739044,0.200937806
"99",4.8113e+11,95059,1281,132.5562864,0.200156217
"100",4.8113e+11,90262,1331,130.7798892,0.197473908
"101",4.8113e+11,153203,774,129.0821492,0.194910369
"102",4.8113e+11,352852,336,129.0594525,0.194876098
"103",4.8113e+11,85816,1366,127.6077128,0.192684012
"104",4.8113e+11,78032,1500,127.4154096,0.19239364
"105",4.8113e+11,269489.5,423,124.0909683,0.187373828
"106",4.8113e+11,49896,2246,121.9925868,0.184205332
"107",4.8113e+11,269451.5,408,119.6737021,0.180703882
"108",4.8113e+11,92138,1169,117.2495676,0.177043508
"109",4.8113e+11,84278,1276,117.0638634,0.1767631
"110",4.8113e+11,80389,1335,116.8250161,0.176402447
"111",4.8113e+11,156515,685,116.7090394,0.176227326
"112",4.8113e+11,94654,1120,115.4024295,0.174254382
"113",4.8113e+11,152063,678,112.2305796,0.169464979
"114",4.8113e+11,134054,765,111.6346898,0.168565202
"115",4.8113e+11,130115,777,110.0541293,0.166178601
"116",4.8113e+11,81907,1229,109.5798899,0.165462513
"117",4.8113e+11,66158,1507,108.5309433,0.163878634
"118",4.8113e+11,111682.5,869,105.6483846,0.159526052
"119",4.8113e+11,152169.5,637,105.517624,0.159328607
"120",4.8113e+11,67819,1427,105.3497022,0.15907505
"121",4.8113e+11,108955,881,104.4915162,0.157779214
"122",4.8113e+11,576183,163,102.2365069,0.154374214
"123",4.8113e+11,357023,259,100.6593025,0.15199268
"124",4.8113e+11,67639.5,1364,100.4321399,0.151649671
"125",4.8113e+11,95179.5,969,100.3980213,0.151598153
"126",4.8113e+11,155746,591,100.1987584,0.151297272
"127",4.8113e+11,86566.5,1050,98.94574329,0.149405255
"128",4.8113e+11,37714,2360,96.88857248,0.146298985
"129",4.8113e+11,84148,1057,96.82260054,0.146199369
"130",4.8113e+11,161297.5,546,95.86900862,0.144759473
"131",4.8113e+11,50203,1746,95.41834225,0.144078979
"132",4.8113e+11,42326,2049,94.40764048,0.142552849
"133",4.8113e+11,127230,680,94.17950368,0.142208368
"134",4.8113e+11,51730,1671,94.09724014,0.142084153
"135",4.8113e+11,124685,686,93.10999061,0.140593434
"136",4.8113e+11,133289,617,89.52357797,0.135178053
"137",4.8113e+11,193266.5,425,89.41357702,0.135011955
"138",4.8113e+11,62897.5,1305,89.35150109,0.134918222
"139",4.8113e+11,48131.5,1678,87.91830579,0.132754138
"140",4.8113e+11,171118.5,470,87.54932057,0.132196981
"141",4.8113e+11,126384,628,86.39919533,0.130460324
"142",4.8113e+11,50134.5,1571,85.7375029,0.129461188
"143",4.8113e+11,122531,637,84.96564678,0.128295707
"144",4.8113e+11,46527,1661,84.12646508,0.127028567
"145",4.8113e+11,51003,1497,83.11424802,0.125500148
"146",4.8113e+11,52962,1427,82.27091123,0.124226733
"147",4.8113e+11,122982,613,82.06537975,0.123916386
"148",4.8113e+11,40236,1861,81.51154596,0.123080113
"149",4.8113e+11,93653,798,81.35468027,0.12284325
"150",4.8113e+11,221388.5,336,80.97524909,0.12227032
"151",4.8113e+11,95368.5,774,80.35332826,0.121331237
"152",4.8113e+11,124856.5,589,80.0542529,0.120879642
"153",4.8113e+11,41608,1748,79.17284051,0.119548734
"154",4.8113e+11,114096.5,632,78.49596955,0.118526679
"155",4.8113e+11,39474.5,1814,77.94923871,0.117701131
"156",4.8113e+11,39713.5,1796,77.64302611,0.117238758
"157",4.8113e+11,52910,1320,76.0273145,0.11479908
"158",4.8113e+11,93692,731,74.55518363,0.112576204
"159",4.8113e+11,80325,851,74.41119032,0.112358778
"160",4.8113e+11,25135,2705,74.01233681,0.111756521
"161",4.8113e+11,94898.5,713,73.65578038,0.111218131
"162",4.8113e+11,53452.5,1265,73.60655724,0.111143805
"163",4.8113e+11,96257,696,72.92887584,0.110120526
"164",4.8113e+11,159749.5,410,71.29865245,0.107658935
"165",4.8113e+11,194863,333,70.6368909,0.106659694
"166",4.8113e+11,82678,781,70.29087568,0.106137221
"167",4.8113e+11,88101,732,70.20206328,0.106003116
"168",4.8113e+11,50792,1258,69.55589011,0.105027413
"169",4.8113e+11,44836,1393,67.98857433,0.102660811
"170",4.8113e+11,33274,1868,67.66122271,0.102166519
"171",4.8113e+11,156090.5,396,67.28675978,0.101601091
"172",4.8113e+11,114571.5,538,67.09912119,0.101317762
"173",4.8113e+11,51470,1192,66.78645335,0.100845643
"174",4.8113e+11,144870,419,66.07701879,0.099774417
"175",4.8113e+11,87956,689,65.9694176,0.099611942
"176",4.8113e+11,35709,1684,65.46026106,0.09884313
"177",4.8113e+11,41038,1459,65.17776087,0.098416563
"178",4.8113e+11,121226,492,64.92602813,0.098036454
"179",4.8113e+11,68369.5,869,64.67555106,0.09765824
"180",4.8113e+11,38088,1549,64.22402853,0.096976454
"181",4.8113e+11,32404,1817,64.09313404,0.096778807
"182",4.8113e+11,25136,2325,63.61757089,0.09606072
"183",4.8113e+11,42078,1374,62.93609309,0.095031708
"184",4.8113e+11,107752,535,62.75337376,0.094755807
"185",4.8113e+11,30360,1893,62.56195891,0.094466776
"186",4.8113e+11,48797.5,1174,62.36251583,0.094165623
"187",4.8113e+11,51746.5,1102,62.07554377,0.093732303
"188",4.8113e+11,58184,976,61.81748751,0.093342646
"189",4.8113e+11,38790,1456,61.48074367,0.092834172
"190",4.8113e+11,102818,547,61.22297588,0.09244495
"191",4.8113e+11,48422,1136,59.87961678,0.090416516
"192",4.8113e+11,42706,1277,59.36599491,0.089640962
"193",4.8113e+11,29894.5,1806,58.77153009,0.088743337
"194",4.8113e+11,92360,581,58.41414362,0.088203693
"195",4.8113e+11,61237.5,867,57.79556417,0.087269656
"196",4.8113e+11,258862.5,205,57.76715239,0.087226755
"197",4.8113e+11,63131.5,833,57.24651684,0.08644061
"198",4.8113e+11,59480,883,57.17282092,0.086329331
"199",4.8113e+11,25274,2019,55.54797835,0.083875865
"200",4.8113e+11,80329,622,54.39020588,0.082127662
"201",4.8113e+11,113364.5,440,54.29848481,0.081989166
"202",4.8113e+11,39936,1241,53.95035449,0.081463499
"203",4.8113e+11,27047,1831,53.90951229,0.081401828
"204",4.8113e+11,23960,2064,53.83372903,0.081287398
"205",4.8113e+11,27319.5,1806,53.70917113,0.081099319
"206",4.8113e+11,25511.5,1932,53.65387266,0.08101582
"207",4.8113e+11,61257,798,53.21285649,0.080349898
"208",4.8113e+11,70332,688,52.67437159,0.079536801
"209",4.8113e+11,120706,397,52.16477309,0.078767322
"210",4.8113e+11,48946,972,51.78946543,0.078200618
"211",4.8113e+11,30112.5,1572,51.52966419,0.077808325
"212",4.8113e+11,29912,1571,51.15399948,0.077241082
"213",4.8113e+11,37551,1251,51.13717992,0.077215685
"214",4.8113e+11,124259,378,51.13021413,0.077205167
"215",4.8113e+11,46713,1005,51.10481008,0.077166808
"216",4.8113e+11,56690,808,49.86269816,0.075291254
"217",4.8113e+11,22472,2036,49.80551755,0.075204913
"218",4.8113e+11,25136,1817,49.71747368,0.075071969
"219",4.8113e+11,24223.5,1883,49.65296315,0.07497456
"220",4.8113e+11,39605.5,1151,49.62365874,0.074930312
"221",4.8113e+11,64828,697,49.1873425,0.074271486
"222",4.8113e+11,75510.5,596,48.99046518,0.073974207
"223",4.8113e+11,108171,407,47.92512026,0.072365567
"224",4.8113e+11,39684.5,1101,47.56266594,0.071818271
"225",4.8113e+11,47784,912,47.43897509,0.071631501
"226",4.8113e+11,32898.5,1324,47.41568613,0.071596336
"227",4.8113e+11,62005,702,47.3829157,0.071546853
"228",4.8113e+11,57961.5,740,46.69058264,0.07050145
"229",4.8113e+11,159677.5,268,46.5839677,0.070340465
"230",4.8113e+11,31490.5,1356,46.48332686,0.0701885
"231",4.8113e+11,58374,731,46.45097008,0.070139642
"232",4.8113e+11,36173,1170,46.07107517,0.069566011
"233",4.8113e+11,28642,1468,45.77067882,0.069112422
"234",4.8113e+11,44068,931,44.66126081,0.067437232
"235",4.8113e+11,43366,942,44.46908831,0.067147057
"236",4.8113e+11,24362,1675,44.42073167,0.06707404
"237",4.8113e+11,41724,978,44.42042905,0.067073583
"238",4.8113e+11,35350,1145,44.06084911,0.066530627
"239",4.8113e+11,18308,2204,43.92486662,0.066325298
"240",4.8113e+11,36735,1098,43.90766498,0.066299324
"241",4.8113e+11,18264,2207,43.87894622,0.066255959
"242",4.8113e+11,46567,864,43.79756442,0.066133075
"243",4.8113e+11,24579.5,1625,43.47948256,0.06565278
"244",4.8113e+11,44892,877,42.85746756,0.064713556
"245",4.8113e+11,52144,733,41.60698777,0.062825367
"246",4.8113e+11,19645.5,1922,41.10308578,0.062064489
"247",4.8113e+11,47970,771,40.2607679,0.060792613
"248",4.8113e+11,153373.5,241,40.23697548,0.060756687
"249",4.8113e+11,25734,1427,39.97506948,0.060361216
"250",4.8113e+11,34241,1069,39.84575886,0.060165961
"251",4.8113e+11,40404,904,39.76040051,0.060037072
"252",4.8113e+11,35628,1016,39.40425393,0.059499301
"253",4.8113e+11,55372,645,38.87835512,0.058705209
"254",4.8113e+11,39352.5,898,38.46862131,0.058086523
"255",4.8113e+11,41019.5,854,38.13345808,0.057580436
"256",4.8113e+11,28588,1224,38.09106792,0.057516428
"257",4.8113e+11,27729,1249,37.70115051,0.056927664
"258",4.8113e+11,17013,2002,37.07685877,0.055985001
"259",4.8113e+11,26795,1260,36.75210884,0.055494638
"260",4.8113e+11,46434,721,36.44427535,0.055029818
"261",4.8113e+11,29520,1133,36.4086202,0.05497598
"262",4.8113e+11,42326,782,36.03063683,0.054405236
"263",4.8113e+11,40713.5,796,35.27844743,0.053269451
"264",4.8113e+11,51359.5,626,34.99879386,0.052847182
"265",4.8113e+11,24438,1308,34.79616343,0.052541216
"266",4.8113e+11,32204.5,992,34.77652555,0.052511563
"267",4.8113e+11,22175,1435,34.63964935,0.052304884
"268",4.8113e+11,49475,641,34.52246436,0.052127938
"269",4.8113e+11,37990.5,825,34.11826322,0.051517606
"270",4.8113e+11,20872,1494,33.94475052,0.051255607
"271",4.8113e+11,31643,981,33.79127791,0.051023867
"272",4.8113e+11,36616,846,33.72090487,0.050917606
"273",4.8113e+11,13347,2317,33.66414988,0.050831908
"274",4.8113e+11,31512,971,33.30835274,0.050294664
"275",4.8113e+11,46938,651,33.26316168,0.050226427
"276",4.8113e+11,37897,798,32.92044375,0.049708933
"277",4.8113e+11,20316,1487,32.885703,0.049656475
"278",4.8113e+11,16394.5,1831,32.67717304,0.049341601
"279",4.8113e+11,13024,2272,32.21147945,0.048638417
"280",4.8113e+11,21065,1400,32.10313586,0.048474821
"281",4.8113e+11,32434,907,32.02327589,0.048354235
"282",4.8113e+11,15174,1938,32.01192642,0.048337097
"283",4.8113e+11,22175,1324,31.96020609,0.048259001
"284",4.8113e+11,26174,1110,31.62649284,0.047755104
"285",4.8113e+11,26553.5,1065,30.78430396,0.046483422
"286",4.8113e+11,14665,1913,30.53901286,0.04611304
"287",4.8113e+11,45882,611,30.51697686,0.046079766
"288",4.8113e+11,28642,978,30.49299992,0.046043562
"289",4.8113e+11,29688,943,30.47548259,0.046017111
"290",4.8113e+11,12907.5,2134,29.98434086,0.045275501
"291",4.8113e+11,20997,1311,29.96524945,0.045246673
"292",4.8113e+11,20101.5,1367,29.91265337,0.045167255
"293",4.8113e+11,12661,2166,29.85275513,0.04507681
"294",4.8113e+11,24191.5,1128,29.70502039,0.044853735
"295",4.8113e+11,38180,705,29.30103752,0.044243732
"296",4.8113e+11,17949,1496,29.23006685,0.044136569
"297",4.8113e+11,72961,364,28.91013495,0.04365348
"298",4.8113e+11,20160,1314,28.83658654,0.043542424
"299",4.8113e+11,19095.5,1372,28.51957855,0.043063751
"300",4.8113e+11,17190.5,1523,28.50009906,0.043034338
"301",4.8113e+11,39563.5,659,28.38167854,0.042855526
"302",4.8113e+11,32525,799,28.28928963,0.042716022
"303",4.8113e+11,15895.5,1631,28.22189111,0.042614252
"304",4.8113e+11,20942.5,1224,27.90409228,0.042134385
"305",4.8113e+11,33358.5,768,27.88853438,0.042110893
"306",4.8113e+11,19222,1326,27.74597908,0.041895638
"307",4.8113e+11,16766.5,1520,27.74239549,0.041890227
"308",4.8113e+11,29006,876,27.65985546,0.041765594
"309",4.8113e+11,17588.5,1443,27.62823184,0.041717843
"310",4.8113e+11,21254.5,1190,27.53314436,0.041574264
"311",4.8113e+11,26072,969,27.501481,0.041526453
"312",4.8113e+11,27216,925,27.40463275,0.041380215
"313",4.8113e+11,22455,1119,27.35275676,0.041301884
"314",4.8113e+11,40352,619,27.19027947,0.041056548
"315",4.8113e+11,17709,1397,26.9307471,0.040664661
"316",4.8113e+11,14397,1708,26.76811741,0.040419095
"317",4.8113e+11,19988,1229,26.74109465,0.040378291
"318",4.8113e+11,39160,614,26.17393453,0.039521896
"319",4.8113e+11,18179.5,1319,26.10265525,0.039414266
"320",4.8113e+11,43196.5,551,25.90944534,0.039122525
"321",4.8113e+11,28145,843,25.82776256,0.038999186
"322",4.8113e+11,12037.5,1970,25.81430778,0.03897887
"323",4.8113e+11,27548.5,856,25.67022522,0.038761309
"324",4.8113e+11,20118,1171,25.64482008,0.038722948
"325",4.8113e+11,13633,1703,25.27342149,0.038162147
"326",4.8113e+11,35774,647,25.19589216,0.03804508
"327",4.8113e+11,22945,1007,25.15217176,0.037979063
"328",4.8113e+11,61758,373,25.07610112,0.037864199
"329",4.8113e+11,14101,1629,25.00512065,0.03775702
"330",4.8113e+11,24396.5,939,24.93739448,0.037654755
"331",4.8113e+11,27686,825,24.86406432,0.037544029
"332",4.8113e+11,19529,1166,24.7877161,0.037428745
"333",4.8113e+11,39352.5,575,24.63191231,0.037193486
"334",4.8113e+11,10316.5,2177,24.4483058,0.036916246
"335",4.8113e+11,51812,431,24.30891553,0.03670577
"336",4.8113e+11,15343,1452,24.25129078,0.036618758
"337",4.8113e+11,22395,994,24.23234306,0.036590148
"338",4.8113e+11,21612,1030,24.23204914,0.036589704
"339",4.8113e+11,28891.5,768,24.15401145,0.036471869
"340",4.8113e+11,20821,1057,23.95711563,0.036174562
"341",4.8113e+11,14237.5,1540,23.8678014,0.0360397
"342",4.8113e+11,16004,1369,23.85008594,0.036012951
"343",4.8113e+11,18421,1183,23.72225143,0.035819924
"344",4.8113e+11,22217,980,23.7011516,0.035788064
"345",4.8113e+11,20413.5,1066,23.68823132,0.035768555
"346",4.8113e+11,23669,906,23.34350497,0.035248028
"347",4.8113e+11,23876,898,23.33973197,0.035242331
"348",4.8113e+11,28098,757,23.15417147,0.03496214
"349",4.8113e+11,22617.5,931,22.92198571,0.034611546
"350",4.8113e+11,17220.5,1222,22.90735364,0.034589452
"351",4.8113e+11,23181,883,22.28182854,0.033644927
"352",4.8113e+11,18790.5,1086,22.21396684,0.033542457
"353",4.8113e+11,19948.5,1022,22.19315766,0.033511036
"354",4.8113e+11,10616,1913,22.10720494,0.03338125
"355",4.8113e+11,41038,492,21.97906672,0.033187765
"356",4.8113e+11,16076,1242,21.73489522,0.032819073
"357",4.8113e+11,48354.5,411,21.63399257,0.032666713
"358",4.8113e+11,13597,1461,21.62475874,0.03265277
"359",4.8113e+11,8870.5,2239,21.62022211,0.03264592
"360",4.8113e+11,23605,839,21.55876721,0.032553125
"361",4.8113e+11,22358,875,21.29604532,0.032156422
"362",4.8113e+11,14513,1347,21.28054511,0.032133017
"363",4.8113e+11,18784,1036,21.18389389,0.031987077
"364",4.8113e+11,26341.5,730,20.93251059,0.031607495
"365",4.8113e+11,27736.5,693,20.92391031,0.031594509
"366",4.8113e+11,15984,1201,20.89711996,0.031554056
"367",4.8113e+11,16272,1170,20.72453308,0.031293455
"368",4.8113e+11,16263.5,1165,20.6251871,0.031143445
"369",4.8113e+11,14590,1297,20.59933619,0.031104411
"370",4.8113e+11,24669,766,20.57018853,0.031060399
"371",4.8113e+11,13479,1395,20.46868009,0.030907124
"372",4.8113e+11,17842,1047,20.33518717,0.030705554
"373",4.8113e+11,27308,681,20.24393637,0.030567767
"374",4.8113e+11,30622.5,607,20.2342584,0.030553154
"375",4.8113e+11,12292.5,1498,20.04518126,0.030267653
"376",4.8113e+11,34449,534,20.02515259,0.03023741
"377",4.8113e+11,15657,1169,19.92420586,0.030084983
"378",4.8113e+11,16918,1079,19.87139804,0.030005245
"379",4.8113e+11,10636,1716,19.86797339,0.030000074
"380",4.8113e+11,9319.5,1942,19.70152281,0.029748738
"381",4.8113e+11,18808,959,19.63446991,0.02964749
"382",4.8113e+11,17080,1030,19.15062925,0.028916905
"383",4.8113e+11,13351,1316,19.12615375,0.028879947
"384",4.8113e+11,16137,1087,19.09458837,0.028832285
"385",4.8113e+11,16203.5,1080,19.04980553,0.028764664
"386",4.8113e+11,12627,1384,19.02366669,0.028725195
"387",4.8113e+11,18522,943,19.01330129,0.028709543
"388",4.8113e+11,18471.5,937,18.84081619,0.028449096
"389",4.8113e+11,28344,605,18.66699759,0.028186635
"390",4.8113e+11,10736.5,1585,18.52464749,0.02797169
"391",4.8113e+11,18827.5,900,18.4456143,0.027852352
"392",4.8113e+11,19343,876,18.44530732,0.027851889
"393",4.8113e+11,14710,1150,18.41486208,0.027805917
"394",4.8113e+11,26741,628,18.28080202,0.02760349
"395",4.8113e+11,15393,1089,18.24774094,0.027553569
"396",4.8113e+11,20441.5,818,18.20220589,0.027484813
"397",4.8113e+11,15933,1048,18.17677353,0.02744641
"398",4.8113e+11,13919,1190,18.0307152,0.027225866
"399",4.8113e+11,15691,1053,17.98609782,0.027158495
"400",4.8113e+11,15346,1075,17.95815086,0.027116296
"401",4.8113e+11,25608.5,644,17.95262526,0.027107953
"402",4.8113e+11,9914.5,1656,17.87265644,0.026987202
"403",4.8113e+11,13404,1224,17.85968499,0.026967616
"404",4.8113e+11,8260.5,1981,17.81347992,0.026897847
"405",4.8113e+11,26636,614,17.80308785,0.026882156
"406",4.8113e+11,29268,557,17.74623381,0.026796308
"407",4.8113e+11,10675,1520,17.66320174,0.026670932
"408",4.8113e+11,14720,1097,17.57811879,0.026542459
"409",4.8113e+11,17092,940,17.48955241,0.026408726
"410",4.8113e+11,14253,1125,17.45487589,0.026356366
"411",4.8113e+11,22144,722,17.40408629,0.026279675
"412",4.8113e+11,21686,735,17.3510096,0.02619953
"413",4.8113e+11,9126.5,1720,17.08797746,0.025802359
"414",4.8113e+11,5376,2918,17.07664323,0.025785245
"415",4.8113e+11,14824,1050,16.94387204,0.025584764
"416",4.8113e+11,17065.5,889,16.51500599,0.024937189
"417",4.8113e+11,12072,1254,16.47914673,0.024883042
"418",4.8113e+11,15666,936,15.96216988,0.024102422
"419",4.8113e+11,13665,1071,15.93151454,0.024056133
"420",4.8113e+11,10322,1413,15.87683656,0.023973571
"421",4.8113e+11,6170.5,2361,15.8589453,0.023946556
"422",4.8113e+11,11092,1309,15.80547183,0.023865812
"423",4.8113e+11,18799,771,15.77782314,0.023824064
"424",4.8113e+11,20139,716,15.69671893,0.023701599
"425",4.8113e+11,9409,1527,15.64013376,0.023616157
"426",4.8113e+11,4905,2923,15.60722835,0.02356647
"427",4.8113e+11,19813,722,15.57203584,0.023513331
"428",4.8113e+11,11166,1268,15.41256193,0.02327253
"429",4.8113e+11,28829,484,15.18912994,0.022935154
"430",4.8113e+11,13234.5,1043,15.02622211,0.022689167
"431",4.8113e+11,13919,988,14.97003918,0.022604333
"432",4.8113e+11,29898,458,14.90615295,0.022507866
"433",4.8113e+11,11341.5,1200,14.81527443,0.022370642
"434",4.8113e+11,12535,1076,14.68231601,0.022169879
"435",4.8113e+11,9719,1377,14.56845443,0.021997951
"436",4.8113e+11,13552,985,14.53106953,0.021941501
"437",4.8113e+11,12327.5,1082,14.51978647,0.021924464
"438",4.8113e+11,23420,566,14.42983215,0.021788636
"439",4.8113e+11,21721,604,14.28152919,0.021564702
"440",4.8113e+11,12555,1044,14.26839663,0.021544873
"441",4.8113e+11,13244,975,14.05664721,0.021225137
"442",4.8113e+11,6316,2036,13.99838238,0.021137159
"443",4.8113e+11,8626,1489,13.98176856,0.021112072
"444",4.8113e+11,13458.5,947,13.87409281,0.020949485
"445",4.8113e+11,24203.5,524,13.80598563,0.020846645
"446",4.8113e+11,20942.5,605,13.79246391,0.020826228
"447",4.8113e+11,10177,1236,13.69292416,0.020675926
"448",4.8113e+11,17522.5,717,13.67644369,0.02065104
"449",4.8113e+11,12944.5,969,13.65422372,0.020617489
"450",4.8113e+11,22402,559,13.63190523,0.020583789
"451",4.8113e+11,12297,1015,13.5869874,0.020515964
"452",4.8113e+11,9938.5,1249,13.51267209,0.02040375
"453",4.8113e+11,11706,1055,13.44370385,0.02029961
"454",4.8113e+11,15902,774,13.39832991,0.020231097
"455",4.8113e+11,10492,1173,13.3972065,0.0202294
"456",4.8113e+11,13086.5,940,13.39088624,0.020219857
"457",4.8113e+11,12061,1015,13.32623039,0.020122228
"458",4.8113e+11,24207.5,503,13.25488253,0.020014495
"459",4.8113e+11,13335,904,13.12258541,0.01981473
"460",4.8113e+11,41960.5,283,12.92662195,0.019518831
"461",4.8113e+11,7100.5,1653,12.77673075,0.0192925
"462",4.8113e+11,15340,763,12.74112731,0.019238739
"463",4.8113e+11,10044.5,1164,12.72738732,0.019217992
"464",4.8113e+11,14693.5,790,12.63602004,0.01908003
"465",4.8113e+11,10707,1079,12.57613541,0.018989606
"466",4.8113e+11,16858,685,12.57055865,0.018981186
"467",4.8113e+11,12598,915,12.54817756,0.018947391
"468",4.8113e+11,21529.5,535,12.53850286,0.018932782
"469",4.8113e+11,16250,708,12.52404388,0.01891095
"470",4.8113e+11,11300,1009,12.41159418,0.018741154
"471",4.8113e+11,6262,1788,12.1881709,0.018403791
"472",4.8113e+11,14157.5,780,12.0209594,0.018151306
"473",4.8113e+11,5796,1891,11.93102795,0.018015512
"474",4.8113e+11,11848.5,925,11.93062137,0.018014899
"475",4.8113e+11,7129,1516,11.76483318,0.017764563
"476",4.8113e+11,9914.5,1088,11.74242162,0.017730722
"477",4.8113e+11,13552,793,11.6986174,0.017664579
"478",4.8113e+11,27686,387,11.66350654,0.017611563
"479",4.8113e+11,10720.5,998,11.64671746,0.017586212
"480",4.8113e+11,13127.5,814,11.63226773,0.017564393
"481",4.8113e+11,10262,1035,11.56192952,0.017458184
"482",4.8113e+11,19334.5,545,11.47063354,0.01732033
"483",4.8113e+11,14897,705,11.43262326,0.017262936
"484",4.8113e+11,13795.5,761,11.42825862,0.017256345
"485",4.8113e+11,12337.5,847,11.37544863,0.017176603
"486",4.8113e+11,9441,1098,11.2843954,0.017039116
"487",4.8113e+11,11630,890,11.26750291,0.017013609
"488",4.8113e+11,7763.5,1332,11.25692415,0.016997635
"489",4.8113e+11,20910,493,11.2217066,0.016944457
"490",4.8113e+11,6695,1532,11.1652205,0.016859165
"491",4.8113e+11,19105,536,11.14730257,0.016832109
"492",4.8113e+11,13058,773,10.98788526,0.016591394
"493",4.8113e+11,7805,1280,10.8752897,0.016421378
"494",4.8113e+11,13667.5,730,10.86100216,0.016399804
"495",4.8113e+11,14972,664,10.82195828,0.016340849
"496",4.8113e+11,9326.5,1062,10.78204571,0.016280582
"497",4.8113e+11,27686,356,10.72922048,0.016200817
"498",4.8113e+11,8515,1151,10.66885797,0.016109672
"499",4.8113e+11,9914.5,987,10.65236226,0.016084764
"500",4.8113e+11,16279.5,600,10.63286427,0.016055322
"501",4.8113e+11,23278,419,10.61738692,0.016031952
"502",4.8113e+11,8527,1141,10.59107065,0.015992215
"503",4.8113e+11,12589,768,10.52471662,0.015892022
"504",4.8113e+11,10316.5,927,10.4104637,0.015719504
"505",4.8113e+11,11309,844,10.39021677,0.015688931
"506",4.8113e+11,23136.5,409,10.30098908,0.0155542
"507",4.8113e+11,5232,1797,10.23466825,0.015454058
"508",4.8113e+11,10665.5,880,10.21696368,0.015427324
"509",4.8113e+11,10031,935,10.20971922,0.015416385
"510",4.8113e+11,5608,1669,10.18878268,0.015384772
"511",4.8113e+11,7219,1291,10.14521468,0.015318985
"512",4.8113e+11,8347,1115,10.13125481,0.015297906
"513",4.8113e+11,12048,772,10.12488774,0.015288292
"514",4.8113e+11,14151,648,9.982058123,0.015072623
"515",4.8113e+11,4343.5,2095,9.905623356,0.014957209
"516",4.8113e+11,8616,1054,9.885627884,0.014927017
"517",4.8113e+11,6296.5,1424,9.760389622,0.01473791
"518",4.8113e+11,6920,1293,9.740081186,0.014707245
"519",4.8113e+11,9603,927,9.690465071,0.014632326
"520",4.8113e+11,7076,1252,9.643842536,0.014561928
"521",4.8113e+11,9961.5,884,9.585945639,0.014474505
"522",4.8113e+11,8995.5,960,9.400576727,0.014194603
"523",4.8113e+11,7094.5,1196,9.236574345,0.013946964
"524",4.8113e+11,14446.5,585,9.199759316,0.013891375
"525",4.8113e+11,6051.5,1396,9.196157769,0.013885936
"526",4.8113e+11,20138,418,9.163271949,0.01383628
"527",4.8113e+11,15334,548,9.147322162,0.013812196
"528",4.8113e+11,11167,747,9.080611082,0.013711464
"529",4.8113e+11,6877.5,1192,8.924107886,0.013475149
"530",4.8113e+11,5549.5,1477,8.922618173,0.013472899
"531",4.8113e+11,11323,717,8.837687085,0.013344656
"532",4.8113e+11,14481,559,8.811874818,0.01330568
"533",4.8113e+11,11483,693,8.662566008,0.013080228
"534",4.8113e+11,37364.5,210,8.541544882,0.01289749
"535",4.8113e+11,8044,974,8.528820541,0.012878276
"536",4.8113e+11,9312,840,8.51491292,0.012857276
"537",4.8113e+11,4635,1669,8.421007083,0.012715481
"538",4.8113e+11,5538,1393,8.397732283,0.012680337
"539",4.8113e+11,6846,1126,8.391377188,0.012670741
"540",4.8113e+11,10069.5,762,8.352583676,0.012612163
"541",4.8113e+11,3408,2227,8.261858653,0.012475171
"542",4.8113e+11,13981,538,8.18801197,0.012363665
"543",4.8113e+11,6342,1182,8.160216321,0.012321694
"544",4.8113e+11,9160.5,818,8.156999585,0.012316837
"545",4.8113e+11,7267,1030,8.147987281,0.012303229
"546",4.8113e+11,4444.5,1669,8.074900967,0.012192871
"547",4.8113e+11,6945,1066,8.0591161,0.012169036
"548",4.8113e+11,8192,901,8.034755991,0.012132253
"549",4.8113e+11,9506,776,8.030035934,0.012125126
"550",4.8113e+11,5144,1430,8.007463263,0.012091041
"551",4.8113e+11,10107,727,7.998612068,0.012077676
"552",4.8113e+11,9528,771,7.996760404,0.01207488
"553",4.8113e+11,2375,3091,7.991357811,0.012066723
"554",4.8113e+11,11028,663,7.959178475,0.012018133
"555",4.8113e+11,9914.5,734,7.921817527,0.011961719
"556",4.8113e+11,9278.5,782,7.898461083,0.011926451
"557",4.8113e+11,6548,1108,7.897804673,0.01192546
"558",4.8113e+11,5272.5,1375,7.891821326,0.011916425
"559",4.8113e+11,9914.5,727,7.846268858,0.011847643
"560",4.8113e+11,7463.5,965,7.840212032,0.011838497
"561",4.8113e+11,6506.5,1098,7.776921796,0.01174293
"562",4.8113e+11,13792,516,7.747024111,0.011697786
"563",4.8113e+11,1532,4619,7.70308491,0.011631439
"564",4.8113e+11,5493,1283,7.671745953,0.011584118
"565",4.8113e+11,4938,1421,7.638412728,0.011533786
"566",4.8113e+11,3476.5,2008,7.599130447,0.011474471
"567",4.8113e+11,6848,1016,7.573827633,0.011436264
"568",4.8113e+11,3234.5,2136,7.520840205,0.011356255
"569",4.8113e+11,7760,884,7.467443473,0.011275627
"570",4.8113e+11,11513,593,7.431922215,0.011221991
"571",4.8113e+11,7042,967,7.412768755,0.01119307
"572",4.8113e+11,6318,1073,7.379676106,0.011143101
"573",4.8113e+11,7431,907,7.336898413,0.011078508
"574",4.8113e+11,10353,649,7.314234302,0.011044286
"575",4.8113e+11,4600.5,1454,7.28160974,0.010995023
"576",4.8113e+11,4610,1447,7.261517929,0.010964685
"577",4.8113e+11,4065.5,1638,7.249128869,0.010945978
"578",4.8113e+11,37404.5,176,7.166291653,0.010820896
"579",4.8113e+11,10269.5,640,7.154630848,0.010803289
"580",4.8113e+11,4205,1562,7.149982637,0.01079627
"581",4.8113e+11,6395,1027,7.149389364,0.010795374
"582",4.8113e+11,6072.5,1069,7.066480847,0.010670185
"583",4.8113e+11,8571,746,6.960305149,0.010509863
"584",4.8113e+11,4900.5,1299,6.929589401,0.010463483
"585",4.8113e+11,11262.5,563,6.902416417,0.010422452
"586",4.8113e+11,7759,816,6.892136468,0.01040693
"587",4.8113e+11,20336,310,6.862544672,0.010362247
"588",4.8113e+11,6303.5,998,6.848102561,0.01034044
"589",4.8113e+11,3212,1958,6.846146394,0.010337486
"590",4.8113e+11,8730,712,6.766314731,0.010216943
"591",4.8113e+11,3386.5,1835,6.764646491,0.010214424
"592",4.8113e+11,4235,1467,6.76303268,0.010211987
"593",4.8113e+11,7012,884,6.747643509,0.01018875
"594",4.8113e+11,7121,869,6.736258114,0.010171558
"595",4.8113e+11,8687.5,709,6.705003522,0.010124364
"596",4.8113e+11,8121,756,6.683273952,0.010091553
"597",4.8113e+11,6489.5,939,6.633378618,0.010016213
"598",4.8113e+11,7895,767,6.591821761,0.009953463
"599",4.8113e+11,9937,607,6.566016026,0.009914497
"600",4.8113e+11,4253,1417,6.560292304,0.009905855
"601",4.8113e+11,4173.5,1442,6.5512419,0.009892189
"602",4.8113e+11,3713.5,1620,6.548719674,0.00988838
"603",4.8113e+11,3358,1766,6.455492019,0.009747609
"604",4.8113e+11,5116.5,1142,6.360584695,0.009604302
"605",4.8113e+11,10031,577,6.300543307,0.009513641
"606",4.8113e+11,8986.5,633,6.192303673,0.009350202
"607",4.8113e+11,3840.5,1478,6.179027969,0.009330156
"608",4.8113e+11,5821.5,971,6.153356672,0.009291393
"609",4.8113e+11,7808,721,6.12820136,0.00925341
"610",4.8113e+11,8195,679,6.057266612,0.0091463
"611",4.8113e+11,1867.5,2974,6.045880128,0.009129107
"612",4.8113e+11,3102,1787,6.034263955,0.009111567
"613",4.8113e+11,4655.5,1188,6.020613237,0.009090955
"614",4.8113e+11,3682,1490,5.972112911,0.00901772
"615",4.8113e+11,3871.5,1400,5.900179941,0.008909104
"616",4.8113e+11,4285,1259,5.872655348,0.008867542
"617",4.8113e+11,10046,532,5.817853267,0.008784793
"618",4.8113e+11,4007,1324,5.775176812,0.008720353
"619",4.8113e+11,5998,878,5.7326963,0.008656208
"620",4.8113e+11,3454.5,1524,5.730969821,0.008653601
"621",4.8113e+11,8162,645,5.730786941,0.008653325
"622",4.8113e+11,4940.5,1063,5.716920141,0.008632387
"623",4.8113e+11,3804,1374,5.689645375,0.008591202
"624",4.8113e+11,4710.5,1094,5.609734246,0.008470539
"625",4.8113e+11,6752,758,5.571339153,0.008412563
"626",4.8113e+11,5116.5,999,5.564119186,0.008401662
"627",4.8113e+11,7009,729,5.56213526,0.008398666
"628",4.8113e+11,6343,805,5.558384034,0.008393002
"629",4.8113e+11,6131.5,824,5.499863384,0.008304637
"630",4.8113e+11,7745,651,5.488584669,0.008287607
"631",4.8113e+11,6604,741,5.327006541,0.008043628
"632",4.8113e+11,4987,973,5.282143141,0.007975886
"633",4.8113e+11,7869,612,5.242385153,0.007915852
"634",4.8113e+11,12105.5,397,5.231559829,0.007899506
"635",4.8113e+11,3007,1578,5.165333708,0.007799507
"636",4.8113e+11,5111.5,925,5.146927554,0.007771714
"637",4.8113e+11,4017,1176,5.142414871,0.0077649
"638",4.8113e+11,4668,973,4.944263923,0.007465698
"639",4.8113e+11,8452.5,537,4.941029225,0.007460813
"640",4.8113e+11,5811,780,4.934048744,0.007450273
"641",4.8113e+11,3061,1453,4.841577649,0.007310644
"642",4.8113e+11,5282.5,839,4.824579021,0.007284977
"643",4.8113e+11,2857.5,1533,4.768550117,0.007200375
"644",4.8113e+11,5537,783,4.719481011,0.007126282
"645",4.8113e+11,5147,836,4.684016359,0.007072731
"646",4.8113e+11,3749,1140,4.652412879,0.007025011
"647",4.8113e+11,6791.5,620,4.583691202,0.006921243
"648",4.8113e+11,6778.5,620,4.574917296,0.006907995
"649",4.8113e+11,3702,1134,4.569907678,0.00690043
"650",4.8113e+11,6634,630,4.54960795,0.006869778
"651",4.8113e+11,7321,569,4.534617198,0.006847143
"652",4.8113e+11,10727.5,388,4.530938906,0.006841589
"653",4.8113e+11,8053.5,515,4.514917818,0.006817397
"654",4.8113e+11,4877,848,4.50201114,0.006797909
"655",4.8113e+11,4396,939,4.493463657,0.006785002
"656",4.8113e+11,5471,751,4.472646857,0.006753569
"657",4.8113e+11,4808,849,4.443550362,0.006709635
"658",4.8113e+11,9567,424,4.415700285,0.006667582
"659",4.8113e+11,1995,2026,4.399874596,0.006643685
"660",4.8113e+11,6992,576,4.384114222,0.006619888
"661",4.8113e+11,3940.5,1014,4.349579212,0.006567741
"662",4.8113e+11,3307,1208,4.348696378,0.006566408
"663",4.8113e+11,2201,1813,4.343859844,0.006559105
"664",4.8113e+11,1529,2592,4.314201645,0.006514322
"665",4.8113e+11,3676,1078,4.313722673,0.006513598
"666",4.8113e+11,1821.5,2149,4.261117878,0.006434167
"667",4.8113e+11,3747.5,1040,4.24260831,0.006406218
"668",4.8113e+11,5366,718,4.194044847,0.006332888
"669",4.8113e+11,3695.5,1038,4.175692578,0.006305177
"670",4.8113e+11,8971,425,4.150378878,0.006266954
"671",4.8113e+11,5892,641,4.111295806,0.00620794
"672",4.8113e+11,2982,1251,4.060905715,0.006131852
"673",4.8113e+11,6483,572,4.036732841,0.006095352
"674",4.8113e+11,5044,729,4.002769332,0.006044068
"675",4.8113e+11,5563,656,3.972563581,0.005998458
"676",4.8113e+11,5699.5,633,3.927339318,0.005930171
"677",4.8113e+11,6831,526,3.911361773,0.005906045
"678",4.8113e+11,3987,900,3.906130087,0.005898145
"679",4.8113e+11,25234,142,3.900608839,0.005889808
"680",4.8113e+11,15877,224,3.871456828,0.00584579
"681",4.8113e+11,3946.5,899,3.862155507,0.005831745
"682",4.8113e+11,1972,1795,3.853268933,0.005818326
"683",4.8113e+11,2157,1628,3.822632107,0.005772066
"684",4.8113e+11,3428,1024,3.821190835,0.005769889
"685",4.8113e+11,4606.5,761,3.816046778,0.005762122
"686",4.8113e+11,3350,1046,3.814472156,0.005759744
"687",4.8113e+11,4039,858,3.772411834,0.005696234
"688",4.8113e+11,4459,770,3.737542631,0.005643583
"689",4.8113e+11,4806,713,3.73019258,0.005632485
"690",4.8113e+11,5496,622,3.721303284,0.005619062
"691",4.8113e+11,4042,843,3.709213581,0.005600807
"692",4.8113e+11,3182,1059,3.668209176,0.005538891
"693",4.8113e+11,2243,1498,3.657623882,0.005522908
"694",4.8113e+11,5834,571,3.626272951,0.005475569
"695",4.8113e+11,5379,615,3.601095323,0.005437551
"696",4.8113e+11,1367,2408,3.583298227,0.005410678
"697",4.8113e+11,2374.5,1360,3.515353792,0.005308084
"698",4.8113e+11,2940,1087,3.47884302,0.005252954
"699",4.8113e+11,2435,1289,3.416723545,0.005159155
"700",4.8113e+11,7961,389,3.371127534,0.005090307
"701",4.8113e+11,5799,509,3.213134081,0.004851741
"702",4.8113e+11,3818,771,3.204411337,0.00483857
"703",4.8113e+11,5966.5,493,3.20202355,0.004834964
"704",4.8113e+11,2376,1236,3.196854457,0.004827159
"705",4.8113e+11,5958.5,490,3.17827141,0.004799099
"706",4.8113e+11,3601,805,3.155563756,0.004764811
"707",4.8113e+11,1761,1631,3.126592448,0.004721066
"708",4.8113e+11,6468,444,3.126158107,0.00472041
"709",4.8113e+11,3004,955,3.122922865,0.004715525
"710",4.8113e+11,2661,1075,3.113947572,0.004701972
"711",4.8113e+11,2954,968,3.112746875,0.004700159
"712",4.8113e+11,3848,727,3.045281413,0.004598288
"713",4.8113e+11,2441,1146,3.04516167,0.004598107
"714",4.8113e+11,2679,1035,3.018359889,0.004557637
"715",4.8113e+11,7840.5,353,3.012842452,0.004549306
"716",4.8113e+11,3161.5,873,3.004452812,0.004536638
"717",4.8113e+11,1483.5,1860,3.003713126,0.004535521
"718",4.8113e+11,1867.5,1472,2.992446385,0.004518509
"719",4.8113e+11,2978,917,2.972706184,0.004488702
"720",4.8113e+11,3011,902,2.956482077,0.004464204
"721",4.8113e+11,4738,573,2.955341252,0.004462481
"722",4.8113e+11,5258,516,2.953440601,0.004459611
"723",4.8113e+11,3028,894,2.946804654,0.004449591
"724",4.8113e+11,5212,519,2.944623152,0.004446297
"725",4.8113e+11,4106.5,649,2.901178708,0.004380697
"726",4.8113e+11,6092.5,435,2.884979638,0.004356237
"727",4.8113e+11,2243,1147,2.800597192,0.004228822
"728",4.8113e+11,3623,690,2.721293487,0.004109076
"729",4.8113e+11,10124.5,241,2.65612546,0.004010674
"730",4.8113e+11,3084.5,785,2.635799607,0.003979982
"731",4.8113e+11,2353.5,1027,2.631131801,0.003972934
"732",4.8113e+11,2850,842,2.61225103,0.003944425
"733",4.8113e+11,2712,884,2.609756018,0.003940657
"734",4.8113e+11,2398.5,997,2.603111906,0.003930625
"735",4.8113e+11,3005.5,789,2.581378527,0.003897808
"736",4.8113e+11,4226,555,2.553174118,0.00385522
"737",4.8113e+11,810,2883,2.542070664,0.003838454
"738",4.8113e+11,2852,790,2.45264431,0.003703423
"739",4.8113e+11,3190,706,2.45162105,0.003701878
"740",4.8113e+11,1723.5,1301,2.440880635,0.00368566
"741",4.8113e+11,1809,1239,2.439876425,0.003684144
"742",4.8113e+11,2190.5,1022,2.436980818,0.003679772
"743",4.8113e+11,2983.5,745,2.419581596,0.003653499
"744",4.8113e+11,2271,973,2.405403464,0.003632091
"745",4.8113e+11,1172,1863,2.376831662,0.003588948
"746",4.8113e+11,3876.5,562,2.371559698,0.003580988
"747",4.8113e+11,3224,672,2.358426053,0.003561156
"748",4.8113e+11,928,2321,2.344666477,0.00354038
"749",4.8113e+11,1061,2014,2.326123708,0.003512381
"750",4.8113e+11,1786.5,1193,2.320071781,0.003503242
"751",4.8113e+11,3054,694,2.307206469,0.003483816
"752",4.8113e+11,2078,1017,2.300511739,0.003473707
"753",4.8113e+11,2064,1019,2.289506255,0.003457089
"754",4.8113e+11,1783,1179,2.288353456,0.003455349
"755",4.8113e+11,933.5,2245,2.281332698,0.003444747
"756",4.8113e+11,760,2722,2.251954807,0.003400388
"757",4.8113e+11,1462,1390,2.212178313,0.003340326
"758",4.8113e+11,2228,907,2.199785986,0.003321614
"759",4.8113e+11,2142,916,2.135860567,0.003225089
"760",4.8113e+11,2048,932,2.077800384,0.003137419
"761",4.8113e+11,855.5,2222,2.069293178,0.003124574
"762",4.8113e+11,1786.5,1064,2.069200649,0.003124434
"763",4.8113e+11,898,2089,2.042079917,0.003083483
"764",4.8113e+11,1609,1164,2.03876412,0.003078476
"765",4.8113e+11,2302,805,2.017247366,0.003045986
"766",4.8113e+11,1839,1003,2.00789325,0.003031862
"767",4.8113e+11,2033,887,1.962993927,0.002964065
"768",4.8113e+11,1185,1511,1.949129848,0.002943131
"769",4.8113e+11,3905,457,1.942652833,0.00293335
"770",4.8113e+11,1599,1104,1.921655329,0.002901645
"771",4.8113e+11,3598.5,480,1.8802721,0.002839157
"772",4.8113e+11,2243,764,1.865437013,0.002816757
"773",4.8113e+11,5683.5,301,1.86226001,0.00281196
"774",4.8113e+11,2094,806,1.83725601,0.002774204
"775",4.8113e+11,2177.5,769,1.822814443,0.002752398
"776",4.8113e+11,1274.5,1286,1.784180407,0.002694062
"777",4.8113e+11,1104,1469,1.765423189,0.002665739
"778",4.8113e+11,1073,1475,1.722858857,0.002601468
"779",4.8113e+11,2123.5,734,1.696704778,0.002561976
"780",4.8113e+11,2517.5,611,1.674436364,0.002528351
"781",4.8113e+11,2641,578,1.661706035,0.002509129
"782",4.8113e+11,1002,1514,1.651397239,0.002493563
"783",4.8113e+11,2257.5,664,1.631750656,0.002463897
"784",4.8113e+11,1743.5,857,1.626524956,0.002456006
"785",4.8113e+11,945,1581,1.626378543,0.002455785
"786",4.8113e+11,1602,852,1.485799008,0.002243514
"787",4.8113e+11,3178,428,1.480660939,0.002235756
"788",4.8113e+11,2303,562,1.408926089,0.002127438
"789",4.8113e+11,1383,932,1.40312399,0.002118677
"790",4.8113e+11,2209,575,1.382679481,0.002087807
"791",4.8113e+11,1157,1094,1.37787125,0.002080546
"792",4.8113e+11,1099,1085,1.298031967,0.001959991
"793",4.8113e+11,1086,1042,1.231843402,0.001860048
"794",4.8113e+11,1786.5,606,1.178510896,0.001779518
"795",4.8113e+11,1437.5,732,1.145451992,0.0017296
"796",4.8113e+11,443,2358,1.13711787,0.001717016
"797",4.8113e+11,1073,955,1.115478107,0.00168434
"798",4.8113e+11,1002,1008,1.099477158,0.001660179
"799",4.8113e+11,1556,610,1.033230899,0.001560149
"800",4.8113e+11,971,920,0.972444926,0.001468364
"801",4.8113e+11,794,1103,0.953353515,0.001439537
"802",4.8113e+11,2418,362,0.95284624,0.001438771
"803",4.8113e+11,1174.5,741,0.947390851,0.001430533
"804",4.8113e+11,2582.5,331,0.93052122,0.001405061
"805",4.8113e+11,433,1947,0.9177234,0.001385736
"806",4.8113e+11,1597,520,0.903995393,0.001365007
"807",4.8113e+11,599,1373,0.89527265,0.001351836
"808",4.8113e+11,1962,417,0.890621173,0.001344813
"809",4.8113e+11,294,2600,0.832105966,0.001256456
"810",4.8113e+11,1547.5,476,0.801854495,0.001210777
"811",4.8113e+11,564.5,1245,0.765052529,0.001155208
"812",4.8113e+11,1215.5,577,0.7634643,0.001152809
"813",4.8113e+11,1140,609,0.755753386,0.001141166
"814",4.8113e+11,442,1561,0.751074695,0.001134101
"815",4.8113e+11,356,1833,0.710346787,0.001072603
"816",4.8113e+11,556,1151,0.696639463,0.001051906
"817",4.8113e+11,485,1186,0.626158651,0.000945482
"818",4.8113e+11,1274.5,408,0.566054126,0.000854726
"819",4.8113e+11,2899.5,166,0.523949172,0.000791148
"820",4.8113e+11,473.5,1001,0.515955229,0.000779078
"821",4.8113e+11,405,1127,0.496863274,0.000750249
"822",4.8113e+11,272,1479,0.437920258,0.000661247
"823",4.8113e+11,492,696,0.372762572,0.000562861
"824",4.8113e+11,1080,278,0.326833458,0.000493509
"825",4.8113e+11,166.5,1726,0.312833308,0.000472369
"826",4.8113e+11,483.5,581,0.305795133,0.000461742
"827",4.8113e+11,323,839,0.295000288,0.000445442
"828",4.8113e+11,159.5,1241,0.215471793,0.000325356
"829",4.8113e+11,110,1382,0.16548502,0.000249878
"830",4.8113e+11,14,2632,0.040111775,6.06e-05
"831",4.8113e+11,22,1516,0.03630612,5.48e-05
"832",4.8113e+11,15,1615,0.026370705,3.98e-05
"833",4.8113e+11,63,365,0.025031759,3.78e-05
"834",4.8113e+11,14,1258,0.019171965,2.89e-05
