,GeoID,Workers,Jobs,weighted_avg,job_pert,stat1,,total_weighted_avg
1,481130019002,2719,2491296,10961.42826,0.686687287,2.51980465,,435011.034
2,481130018002,3490,1573673,8887.355001,0.433758671,2.043018293,,
3,481130204002,1478,1770177,4233.735628,0.487921966,0.973247871,,
4,481130100001,1851,1403326,4203.369785,0.38680515,0.966267395,,
5,481130022001,1206,2014984.5,3932.345109,0.555399374,0.903964452,,
6,481130031012,1238,1703202,3412.081616,0.469461341,0.784366682,,
7,481130020001,1645,1196051,3183.817815,0.329672996,0.731893576,,
8,481130017032,1237,1568868,3140.427069,0.432434247,0.721918945,,
9,481130005002,1307,1478766,3127.574416,0.407599022,0.718964388,,
10,481130019001,2308,806787.5,3013.197323,0.222378521,0.69267147,,
11,481130007012,2352,755292,2874.648905,0.208184581,0.660822067,,
12,481130006061,846,2070940.5,2835.114428,0.570822782,0.651733912,,
13,481130004011,1219,1425549,2812.020375,0.392930577,0.646425069,,
14,481130011013,1307,1296543,2742.174703,0.357372065,0.630368999,,
15,481130006015,1159,1461858,2741.708209,0.402938593,0.630261762,,
16,481130068002,1332,1269632,2736.621234,0.349954463,0.629092372,,
17,481130016001,1990,831359.5,2677.161359,0.229151413,0.615423782,,
18,481130009004,1167,1348382,2546.340104,0.371660685,0.585350693,,
19,481130017041,993,1560641,2507.753634,0.430166602,0.576480465,,
20,481130204003,2398,642993,2495.100432,0.177231095,0.573571757,,
21,481130009002,1209,1270251,2485.126234,0.350125081,0.571278896,,
22,481130006052,1034,1473653,2465.746237,0.406189702,0.566823838,,
23,481130096033,1246,1159191,2337.252595,0.319513106,0.537285819,,
24,481130014002,553,2598016,2324.874748,0.716103008,0.534440409,,
25,481130031011,1635,819381,2167.885067,0.225849725,0.498351742,,
26,481130004063,987,1353609,2161.936798,0.373101427,0.496984359,,
27,481130005003,1752,759320,2152.739842,0.209294837,0.49487017,,
28,481130059022,1212,1095040.5,2147.659411,0.301831011,0.493702284,,
29,481130007011,1815,696653.5,2046.096255,0.192021784,0.470355024,,
30,481130004065,1804,677894,1978.932272,0.186851017,0.45491542,,
31,481130013023,654,1795849.5,1900.554352,0.494998194,0.436897964,,
32,481130079141,1259,924234,1882.956464,0.254750836,0.432852575,,
33,481130003003,1111,1043248,1875.574102,0.287555208,0.431155524,,
34,481130011012,880,1294109,1842.833665,0.35670117,0.423629177,,
35,481130012021,1733,649584,1821.656508,0.179047803,0.418760989,,
36,481130108041,1271,884464,1819.107309,0.243788849,0.418174981,,
37,481130003002,1062,1043248,1792.853012,0.287555208,0.412139664,,
38,481130004044,783,1391152,1762.661644,0.383449575,0.405199295,,
39,481130053005,883,1224507,1749.663707,0.337516453,0.40221134,,
40,481130205002,1624,653659,1717.789239,0.180171014,0.394884061,,
41,481130054001,1053,987775,1683.135225,0.272264932,0.386917824,,
42,481130100002,920,1110574,1653.361943,0.30611258,0.380073565,,
43,481130063021,985,1019936,1625.705067,0.281129615,0.373715823,,
44,481130008002,1396,715498.5,1616.317792,0.197216117,0.371557884,,
45,481130123011,1209,806392,1577.629866,0.222269507,0.362664333,,
46,481130122072,1331,728557,1569.185182,0.200815491,0.360723076,,
47,481130015031,698,1352979,1528.196097,0.372927777,0.351300537,,
48,481130122091,934,990009,1496.29983,0.272880699,0.343968248,,
49,481130125003,1143,806392,1491.506151,0.222269507,0.34286628,,
50,481130015024,732,1240644,1469.571999,0.341964368,0.337824074,,
51,481130008003,672,1349441,1467.424555,0.371952582,0.337330422,,
52,481130021001,537,1668756,1450.105947,0.459966833,0.333349233,,
53,481130021002,1071,836262,1449.32052,0.230502712,0.33316868,,
54,481130015043,451,1980807,1445.610559,0.545978874,0.332315837,,
55,481130050003,868,1018415,1430.464618,0.280710375,0.3288341,,
56,481130006034,1250,695010.5,1405.833819,0.191568916,0.323171991,,
57,481130122061,1235,700588,1400.110329,0.193106268,0.321856279,,
58,481130011023,697,1239504,1398.019787,0.341650145,0.321375707,,
59,481130017033,1145,753935.5,1396.922419,0.207810683,0.321123445,,
60,481130002021,655,1294373,1371.934422,0.356773938,0.315379224,,
61,481130204001,1399,599908,1358.110089,0.16535538,0.312201297,,
62,481130008004,1035,810205,1356.962595,0.223320502,0.311937512,,
63,481130081003,845,982279,1343.148947,0.270750044,0.308762041,,
64,481130020004,617,1308707,1306.652781,0.360724883,0.300372331,,
65,481130089003,812,993198,1305.041953,0.273759698,0.300002035,,
66,481130008001,1270,634099.5,1303.147993,0.174779739,0.299566653,,
67,481130079031,824,967650,1290.262634,0.266717786,0.296604576,,
68,481130007023,555,1409525,1265.89701,0.388513809,0.291003425,,
69,481130136261,1131,683372,1250.69782,0.188360943,0.287509447,,
70,481130002023,1187,649430,1247.428532,0.179005355,0.286757906,,
71,481130014003,588,1295601,1232.767591,0.357112417,0.28338766,,
72,481130122045,1228,609447.5,1211.064502,0.167984796,0.278398571,,
73,481130018001,999,744443.5,1203.454952,0.20519436,0.276649293,,
74,481130015041,545,1341310,1182.927893,0.369711397,0.271930549,,
75,481130004012,993,734390.5,1180.073088,0.202423405,0.271274289,,
76,481130063023,838,868136,1177.238325,0.239288288,0.270622636,,
77,481130073024,909,796026,1170.910617,0.21941228,0.269168027,,
78,481130006032,1056,684247.5,1169.256372,0.188602261,0.26878775,,
79,481130055002,727,993837,1169.182159,0.273935828,0.26877069,,
80,481130043001,500,1436785,1162.503843,0.396027607,0.267235484,,
81,481130044002,1143,620149,1147.030288,0.170934499,0.263678435,,
82,481130016002,834,831315.5,1121.926836,0.229139285,0.257907673,,
83,481130056002,700,981347,1111.612052,0.270493153,0.255536519,,
84,481130059021,681,998551,1100.398451,0.27523517,0.252958745,,
85,481130110013,669,1014639,1098.424666,0.279669578,0.252505013,,
86,481130056001,693,977354,1096.018127,0.269392544,0.251951799,,
87,481130009001,530,1268199,1087.666828,0.349559479,0.250032009,,
88,481130101013,1016,658817.5,1083.157079,0.181592874,0.248995311,,
89,481130015021,538,1219700,1061.861579,0.336191478,0.244099918,,
90,481130002012,729,897772,1059.073722,0.247456994,0.243459048,,
91,481130006051,884,738509,1056.429853,0.203558606,0.242851277,,
92,481130061001,890,733179,1055.923928,0.202089474,0.242734976,,
93,481130108036,929,697788,1048.991135,0.192334491,0.241141271,,
94,481130122044,1226,528374,1048.249145,0.145638137,0.240970703,,
95,481130012022,524,1233617,1046.030241,0.340027484,0.240460623,,
96,481130079101,1514,426335.5,1044.503693,0.1175128,0.240109701,,
97,481130078191,1264,510410,1043.996052,0.140686638,0.239993005,,
98,481130005004,870,738546,1039.751153,0.203568805,0.239017191,,
99,481130002011,713,900645,1039.144109,0.248248892,0.238877644,,
100,481130136241,893,717082.5,1036.222911,0.197652722,0.238206121,,
101,481130045003,989,647374,1036.0582,0.17843865,0.238168258,,
102,481130203002,533,1191490,1027.661812,0.328415827,0.236238102,,
103,481130072015,1064,576517.5,992.6284771,0.15890815,0.228184666,,
104,481130020005,941,650072,989.8826027,0.179182312,0.227553447,,
105,481130006013,930,653182,982.9915044,0.180039536,0.225969327,,
106,481130136222,888,681632,979.4799359,0.187881339,0.22516209,,
107,481130129001,1016,595144,978.4719388,0.164042257,0.224930372,,
108,481130007021,945,638679,976.668212,0.176042008,0.224515733,,
109,481130017031,792,756182,969.134657,0.208429896,0.222783925,,
110,481130006062,806,736340.5,960.3871434,0.202960893,0.220773054,,
111,481130006014,873,678047.5,957.8708797,0.186893327,0.220194617,,
112,481130125001,1115,524395,946.1631228,0.144541387,0.217503247,,
113,481130063022,632,919918,940.8032364,0.253561197,0.21627112,,
114,481130136203,1346,431776.5,940.4520753,0.119012527,0.216190396,,
115,481130062004,1154,499555,932.8712883,0.137694625,0.21444773,,
116,481130042011,462,1237881,925.4511093,0.34120279,0.212741985,,
117,481130136201,842,676727,922.0579219,0.186529352,0.211961962,,
118,481130004051,773,731766,915.3439779,0.201700002,0.210418566,,
119,481130025001,466,1210785,913.0310695,0.333734196,0.209886876,,
120,481130022002,439,1280548,909.6890982,0.35296329,0.209118626,,
121,481130007022,876,638680,905.3573474,0.176042283,0.208122847,,
122,481130068003,802,694758.5,901.6559331,0.191499456,0.207271968,,
123,481130071024,870,634026,892.6042041,0.17475948,0.205191164,,
124,481130063014,603,913334,891.2089616,0.251746419,0.204870427,,
125,481130004052,730,754436,891.2055278,0.207948638,0.204869637,,
126,481130014001,848,648963.5,890.5303623,0.178876771,0.204714431,,
127,481130122092,893,609188,880.3095361,0.167913269,0.202364875,,
128,481130132002,1455,367593,865.491553,0.101321336,0.198958529,,
129,481130071021,835,634916,857.897406,0.175004795,0.197212792,,
130,481130068001,808,653203,854.0673884,0.180045324,0.196332351,,
131,481130079092,1036,508722.5,852.8512873,0.140221505,0.196052794,,
132,481130122081,861,609349,848.9886062,0.167957646,0.195164844,,
133,481130015022,361,1441677,842.1855381,0.397376011,0.19360096,,
134,481130004042,694,741500,832.728126,0.204383029,0.191426897,,
135,481130134001,426,1201335,828.1449099,0.331129449,0.190373311,,
136,481130052001,782,653218,826.6040034,0.180049459,0.190019089,,
137,481130024002,804,633741,824.5186077,0.174680924,0.1895397,,
138,481130045004,958,530061.5,821.7209848,0.146103271,0.188896584,,
139,481130136233,1621,312886,820.7327314,0.086242196,0.188669405,,
140,481130024001,278,1819984.5,818.7382737,0.501650634,0.188210921,,
141,481130012041,806,625860.5,816.2913459,0.172508786,0.187648423,,
142,481130078114,1778,283325,815.1720148,0.078094163,0.187391112,,
143,481130042013,400,1259371,815.166432,0.347126177,0.187389829,,
144,481130096043,753,668385.5,814.4315768,0.184230146,0.187220901,,
145,481130005001,685,731766,811.1392301,0.201700002,0.186464059,,
146,481130064022,936,529708,802.3151415,0.146005834,0.184435584,,
147,481130079032,514,954066,793.5497257,0.262973566,0.182420597,,
148,481130078041,1607,303797.5,790.0101664,0.083737091,0.181606926,,
149,481130045002,891,547312,789.1240546,0.150858105,0.181403227,,
150,481130130101,1395,349206,788.2945289,0.096253244,0.181212537,,
151,481130079131,1019,477033,786.6023059,0.131486783,0.18082353,,
152,481130006063,329,1473815,784.6418677,0.406234355,0.180372866,,
153,481130049002,509,950609,782.982962,0.262020697,0.179991518,,
154,481130136212,1428,338736.5,782.7495218,0.093367488,0.179937855,,
155,481130054004,490,985788,781.6497888,0.271717246,0.179685049,,
156,481130053002,967,497387.5,778.3123979,0.137097187,0.178917852,,
157,481130101022,728,655249,771.9165526,0.180609272,0.17744758,,
158,481130132001,951,499163,768.1667605,0.137586576,0.176585581,,
159,481130010022,702,674631,766.3656197,0.185951622,0.176171536,,
160,481130006012,714,661354,764.1256954,0.182292022,0.175656624,,
161,481130056003,1203,391033,761.2225496,0.107782211,0.174989251,,
162,481130072022,1338,350270,758.3883684,0.096546519,0.174337731,,
163,481130012031,374,1251721,757.5507775,0.345017572,0.174145187,,
164,481130004062,690,677053,755.9696587,0.186619209,0.17378172,,
165,481130078153,1372,338985.5,752.6062851,0.093436121,0.173008551,,
166,481130078203,1755,263949,749.6002961,0.072753468,0.172317536,,
167,481130072011,1150,400365,745.0519443,0.110354432,0.171271965,,
168,481130128003,881,521537,743.5216871,0.143753624,0.17092019,,
169,481130069003,698,656774.5,741.8298639,0.181029753,0.170531275,,
170,481130122043,750,609447.5,739.6566581,0.167984796,0.1700317,,
171,481130006033,625,730892,739.2065958,0.201459098,0.16992824,,
172,481130054003,457,985117,728.5118517,0.271532295,0.167469741,,
173,481130013012,752,598616.5,728.4489668,0.164999398,0.167455285,,
174,481130079111,1526,293610,725.0333511,0.080929064,0.166670106,,
175,481130015032,659,676489.5,721.404891,0.186463888,0.165835998,,
176,481130025002,735,601259,715.1243022,0.165727762,0.164392221,,
177,481130072013,1102,400365,713.954124,0.110354432,0.164123222,,
178,481130060012,881,499868.5,712.6303033,0.137781036,0.163818903,,
179,481130055003,438,1001259,709.6646148,0.275981588,0.163137153,,
180,481130067002,1328,327499.5,703.7871353,0.090270182,0.161786042,,
181,481130079062,738,589061,703.475926,0.162365572,0.161714502,,
182,481130079102,1011,426905.5,698.4181441,0.117669911,0.160551823,,
183,481130044003,618,697840,697.8738774,0.192348824,0.160426707,,
184,481130006031,623,691356,696.9833293,0.19056161,0.160221989,,
185,481130010011,637,675087.5,695.8763977,0.186077449,0.159967528,,
186,481130125005,870,492894,693.913588,0.135858623,0.159516319,,
187,481130038002,461,929792,693.6163762,0.256282813,0.159447996,,
188,481130106012,1569,272427.5,691.6820355,0.075090435,0.159003331,,
189,481130131052,1736,245466.5,689.5639659,0.067659052,0.158516431,,
190,481130136063,1298,328146,689.2462547,0.09044838,0.158443396,,
191,481130047003,676,629858.5,689.0048805,0.173610773,0.158387909,,
192,481130067001,774,549928.5,688.7788388,0.151579302,0.158335947,,
193,481130056004,878,484749,688.7221419,0.133613579,0.158322913,,
194,481130002013,474,897808,688.6434487,0.247466917,0.158304823,,
195,481130051001,754,559739.5,682.9515721,0.154283553,0.156996379,,
196,481130071011,935,448562,678.6825736,0.123639191,0.156015025,,
197,481130123021,1515,276591,678.0836691,0.07623804,0.155877349,,
198,481130096044,615,676022,672.7729987,0.186335029,0.154656537,,
199,481130069002,638,651430.5,672.545041,0.179556762,0.154604134,,
200,481130136262,1223,338813,670.5314158,0.093388574,0.154141243,,
201,481130052002,675,613480,670.0956357,0.169096292,0.154041066,,
202,481130069001,324,1269632,665.6646245,0.349954463,0.153022469,,
203,481130098043,1318,310851.5,662.9808518,0.085681418,0.152405525,,
204,481130053001,665,612253.5,658.8484514,0.168758227,0.151455572,,
205,481130011011,606,671430.5,658.4249769,0.185069453,0.151358224,,
206,481130110012,565,719996,658.2807256,0.198455784,0.151325064,,
207,481130123022,1436,281635,654.4457822,0.07762834,0.15044349,,
208,481130126042,1911,211272.5,653.3355139,0.058234003,0.150188263,,
209,481130004061,639,630633,652.0939317,0.173824252,0.149902849,,
210,481130077004,1102,365529,651.8325453,0.100752427,0.149842761,,
211,481130101011,594,677910,651.6150299,0.186855427,0.149792759,,
212,481130012023,326,1233617,650.7745392,0.340027484,0.149599548,,
213,481130126041,1703,234861,647.2292878,0.064735809,0.148784568,,
214,481130052003,821,486535,646.3828908,0.134105863,0.148589999,,
215,481130062003,778,509847.5,641.8780119,0.140531593,0.147554421,,
216,481130073023,773,511656,640.0150299,0.141030079,0.14712616,,
217,481130136232,1605,245563,637.7795281,0.06768565,0.146612265,,
218,481130134002,584,668463.5,631.7178569,0.184251645,0.145218812,,
219,481130124004,760,509639,626.7709436,0.140474124,0.14408162,,
220,481130015023,309,1242881,621.4706685,0.342580963,0.142863197,,
221,481130042022,613,621888.5,616.8869856,0.171413966,0.141809503,,
222,481130003001,678,558783,613.0635371,0.154019909,0.140930572,,
223,481130094022,735,512732,609.8322249,0.141326661,0.14018776,,
224,481130123023,877,425692,604.1262262,0.117335429,0.13887607,,
225,481130111011,812,452516,594.5968121,0.12472905,0.136685455,,
226,481130087015,548,668879,593.1447999,0.184366172,0.136351668,,
227,481130079091,768,477033,592.8464877,0.131486783,0.136283092,,
228,481130047002,581,629865.5,592.1838528,0.173612703,0.136130766,,
229,481130115004,395,926049,591.9208942,0.255251112,0.136070317,,
230,481130079132,767,476788.5,591.7710884,0.13141939,0.13603588,,
231,481130190352,1959,186665.5,591.7402374,0.051451464,0.136028788,,
232,481130004064,537,676804.5,588.1256639,0.186550713,0.135197873,,
233,481130046002,577,628698.5,587.0172249,0.173291037,0.134943066,,
234,481130044001,583,621888.5,586.6967579,0.171413966,0.134869397,,
235,481130190341,1155,312860,584.7424632,0.08623503,0.134420145,,
236,481130076052,587,615207,584.3754697,0.169572313,0.134335781,,
237,481130122101,723,497915,582.5404874,0.137242584,0.133913957,,
238,481130067004,677,530067.5,580.700839,0.146104924,0.13349106,,
239,481130015033,478,750559.5,580.5580222,0.206880141,0.133458229,,
240,481130078092,884,398608.5,570.2055342,0.10987028,0.131078407,,
241,481130067003,739,476547,569.8791737,0.131352825,0.131003384,,
242,481130002022,755,461462.5,563.7881896,0.127195015,0.129603193,,
243,481130078152,1023,338985.5,561.1634327,0.093436121,0.128999816,,
244,481130062002,346,998177,558.8770361,0.275132082,0.128474221,,
245,481130060013,689,500156,557.6443581,0.137860281,0.128190854,,
246,481130012042,549,625873.5,556.0214112,0.172512369,0.127817772,,
247,481130098021,744,459146,552.7851255,0.126556508,0.127073817,,
248,481130185061,1638,207926,551.1315889,0.057311592,0.126693703,,
249,481130063011,940,362291.5,551.0850203,0.09986006,0.126682998,,
250,481130013011,284,1194347,548.8851368,0.329203315,0.126177291,,
251,481130008005,502,674144,547.6322281,0.185817388,0.125889273,,
252,481130012032,540,625873.5,546.9063061,0.172512369,0.125722399,,
253,481130071022,530,634916,544.5336829,0.175004795,0.125176982,,
254,481130015044,223,1501986,542.0050779,0.413999256,0.124595708,,
255,481130042021,535,621888.5,538.3923936,0.171413966,0.123765227,,
256,481130017011,406,818862.5,537.9843277,0.225706808,0.123671421,,
257,481130136061,1521,217893.5,536.2979004,0.06005898,0.123283746,,
258,481130127011,694,476556,535.1875722,0.131355305,0.123028505,,
259,481130136153,1698,194771,535.1734841,0.05368562,0.123025267,,
260,481130122073,1433,228124,528.9928184,0.062878859,0.12160446,,
261,481130110011,445,732628.5,527.5655493,0.201937737,0.12127636,,
262,481130010021,513,635398.5,527.4680494,0.175137789,0.121253947,,
263,481130045001,230,1414876,526.5975371,0.38998873,0.121053834,,
264,481130126011,1514,213673.5,523.4909122,0.058895802,0.120339686,,
265,481130072025,921,350270,522.0296616,0.096546519,0.120003775,,
266,481130064021,918,351189,521.6944221,0.096799827,0.11992671,,
267,481130124001,1133,282728.5,518.3607465,0.077929747,0.119160367,,
268,481130046001,509,628514.5,517.6851312,0.17324032,0.119005058,,
269,481130185051,1709,187193.5,517.6848253,0.051596999,0.119004987,,
270,481130101023,449,711863.5,517.2204338,0.196214186,0.118898233,,
271,481130098041,1386,229573,514.8925967,0.063278254,0.118363112,,
272,481130053004,642,493897,513.1023739,0.136135084,0.117951577,,
273,481130206001,371,852000,511.5005583,0.234840649,0.117583353,,
274,481130096051,1159,271137,508.5162435,0.074734729,0.116897321,,
275,481130105002,488,632782.5,499.6971698,0.174416729,0.114869999,,
276,481130072023,880,350270,498.7905562,0.096546519,0.114661587,,
277,481130101012,451,677908.5,494.7436502,0.186855014,0.113731288,,
278,481130065013,870,351179,494.402204,0.096797071,0.113652796,,
279,481130192132,1246,244751,493.4863278,0.067461835,0.113442255,,
280,481130025004,478,636096,492.020467,0.175330044,0.113105284,,
281,481130112002,720,419037,488.2221467,0.115501081,0.112232129,,
282,481130024003,482,625710.5,488.0373821,0.172467441,0.112189656,,
283,481130096042,444,676022,485.7092869,0.186335029,0.111654475,,
284,481130071025,504,593832.5,484.3140929,0.163680762,0.111333749,,
285,481130096052,816,365198,482.2265935,0.100661192,0.110853876,,
286,481130127023,610,486366.5,480.0937991,0.134059418,0.110363591,,
287,481130079024,405,729534,478.1158794,0.201084786,0.109908909,,
288,481130078211,1039,284261,477.9312572,0.078352157,0.109866468,,
289,481130094011,959,307674,477.4655177,0.084805589,0.109759404,,
290,481130110014,649,454493,477.3143632,0.12527398,0.109724657,,
291,481130190162,810,363597,476.5823098,0.100219901,0.109556373,,
292,481130078121,972,302228,475.3719695,0.083304483,0.109278141,,
293,481130131053,1241,236024.5,473.9815921,0.06505651,0.108958522,,
294,481130111012,685,427333,473.6849766,0.117787745,0.108890336,,
295,481130097022,1244,233095.5,469.2311957,0.064249177,0.107866504,,
296,481130136251,413,701674.5,468.9411598,0.193405745,0.107799831,,
297,481130078182,1117,258849,467.8776203,0.071347731,0.107555345,,
298,481130090005,1158,249683,467.875324,0.068821265,0.107554818,,
299,481130125002,551,523299,466.5885868,0.144239292,0.107259023,,
300,481130025003,479,601217,466.0144392,0.165716186,0.107127039,,
301,481130013013,481,598616.5,465.9361077,0.164999398,0.107109032,,
302,481130136231,1305,219649,463.8444342,0.060542856,0.1066282,,
303,481130042012,496,576956,463.0810169,0.159029016,0.106452706,,
304,481130043003,411,695704,462.6993932,0.191760069,0.106364979,,
305,481130006011,478,597935.5,462.5033076,0.164811691,0.106319903,,
306,481130013021,475,598616.5,460.1240149,0.164999398,0.105772953,,
307,481130060021,1508,188334.5,459.5828697,0.051911498,0.105648555,,
308,481130081002,510,556080,458.9232487,0.153274868,0.105496921,,
309,481130050002,500,565732.5,457.7345988,0.155935431,0.105223675,,
310,481130048001,432,654364,457.4417011,0.180365336,0.105156344,,
311,481130109021,1572,179733,457.2071071,0.049540627,0.105102416,,
312,481130126013,1191,234861,452.6424438,0.064735809,0.104053095,,
313,481130190342,1804,154770.5,451.8115475,0.042660099,0.103862089,,
314,481130123013,546,509803,450.4303413,0.140519328,0.103544578,,
315,481130098025,894,307674,445.1034128,0.084805589,0.102320028,,
316,481130203001,144,1905823.5,444.0969367,0.52531083,0.10208866,,
317,481130011021,603,450536.5,439.622489,0.124183432,0.101060078,,
318,481130072024,774,350270,438.7089665,0.096546519,0.100850078,,
319,481130050001,477,565739.5,436.6842104,0.15593736,0.100384628,,
320,481130190191,1629,165114.5,435.2501262,0.045511263,0.100054962,,
321,481130130103,824,323363,431.1715973,0.08913002,0.099117393,,
322,481130078052,425,624547,429.5232374,0.17214674,0.09873847,,
323,481130094021,688,385514,429.2014693,0.106260983,0.098664502,,
324,481130001001,1129,233102,425.8655889,0.064250968,0.097897652,,
325,481130105001,573,459178,425.7633769,0.126565328,0.097874156,,
326,481130001002,848,308220,422.9502403,0.084956085,0.097227474,,
327,481130013022,197,1326723,422.9403223,0.365690716,0.097225194,,
328,481130136151,1150,226739.5,421.9467369,0.062497243,0.096996789,,
329,481130108053,1154,225633.5,421.3490283,0.062192391,0.096859389,,
330,481130185032,1388,187193.5,420.4485299,0.051596999,0.096652383,,
331,481130065012,1132,229070,419.6113727,0.06313961,0.096459938,,
332,481130020002,439,589878.5,419.0440661,0.162590903,0.096329526,,
333,481130079112,866,298628,418.4860883,0.082312199,0.096201258,,
334,481130065011,1118,231204.5,418.283462,0.063727952,0.096154679,,
335,481130097013,961,268621,417.7302798,0.074041232,0.096027514,,
336,481130078221,907,284208,417.1345793,0.078337548,0.095890574,,
337,481130059011,508,505012,415.1432853,0.139198762,0.095432817,,
338,481130072012,628,407945,414.5661764,0.112443742,0.095300152,,
339,481130080006,651,392241.5,413.206493,0.108115315,0.094987589,,
340,481130047001,401,634728.5,411.8745708,0.174953113,0.094681408,,
341,481130079121,839,302821,411.1313154,0.083467934,0.094510549,,
342,481130108042,1025,247175.5,409.9792668,0.068130111,0.094245717,,
343,481130073021,495,511656,409.8414486,0.141030079,0.094214035,,
344,481130136213,739,340816,407.565131,0.09394067,0.093690757,,
345,481130049001,528,476334.5,406.9851546,0.131294252,0.093557433,,
346,481130136242,684,366052,405.1646002,0.100896583,0.093138925,,
347,481130087052,329,759484,404.3403984,0.209340041,0.092949458,,
348,481130190182,790,316124,404.1263492,0.087134701,0.092900253,,
349,481130071023,391,638203.5,403.8020753,0.175910944,0.092825709,,
350,481130122082,408,609467,402.3860964,0.167990171,0.092500205,,
351,481130051002,429,579543,402.3236516,0.159742082,0.09248585,,
352,481130042014,420,591888.5,402.2738482,0.163144929,0.092474401,,
353,481130131054,1011,245822.5,402.1660396,0.067757178,0.092449618,,
354,481130057002,492,504298,401.4994514,0.139001959,0.092296383,,
355,481130064011,670,370211,401.3809246,0.102042948,0.092269136,,
356,481130048004,443,559243,400.9007703,0.154146701,0.092158759,,
357,481130064012,647,381319,399.2319902,0.105104696,0.091775141,,
358,481130192081,1327,183732.5,394.5386143,0.050643028,0.090696231,,
359,481130123012,486,498077,391.7106364,0.137287237,0.090046138,,
360,481130084007,334,719962,389.1245659,0.198446412,0.089451654,,
361,481130136062,589,406851,387.7781106,0.112142198,0.089142132,,
362,481130126012,836,283570,383.6181692,0.078161693,0.088185848,,
363,481130017042,285,830423.5,382.980885,0.228893419,0.08803935,,
364,481130078273,743,314324,377.9192064,0.086638559,0.086875775,,
365,481130190181,1054,220852.5,376.6825817,0.060874583,0.0865915,,
366,481130037002,410,566305,375.7222033,0.156093232,0.086370729,,
367,481130122113,997,232523,375.1402673,0.064091376,0.086236954,,
368,481130106011,806,284520,371.0910238,0.078423546,0.085306118,,
369,481130098022,993,229573,368.8949124,0.063278254,0.084801277,,
370,481130122112,620,366552.5,367.7566063,0.101034539,0.084539604,,
371,481130078181,917,246944,366.4379306,0.068066302,0.084236468,,
372,481130129002,378,594750,363.7967863,0.163933657,0.083629324,,
373,481130090002,861,260705,363.2328511,0.071859309,0.083499687,,
374,481130037001,439,510036,362.3247148,0.140583551,0.083290925,,
375,481130010012,426,521529,359.5180251,0.143751419,0.082645726,,
376,481130062005,443,499555,358.1126349,0.137694625,0.082322656,,
377,481130042015,352,627256,357.28937,0.172893434,0.082133404,,
378,481130122041,362,609188,356.8556014,0.167913269,0.08203369,,
379,481130034002,373,590817,356.6107432,0.162849586,0.081977402,,
380,481130078113,581,379264.5,356.5750352,0.104538405,0.081969193,,
381,481130128004,373,590376,356.3445604,0.162728031,0.081916212,,
382,481130061002,997,220655.5,355.9938727,0.060820283,0.081835596,,
383,481130124006,430,509801,354.7331262,0.140518776,0.081545777,,
384,481130192083,1276,171032.5,353.152208,0.047142469,0.081182356,,
385,481130099002,1018,213981,352.4971406,0.05898056,0.08103177,,
386,481130055004,434,498796.5,350.3045148,0.137485556,0.080527731,,
387,481130063016,542,398794,349.7683512,0.10992141,0.080404478,,
388,481130065023,562,381781,347.2028124,0.10523204,0.079814714,,
389,481130108052,472,454054,346.8024144,0.125152976,0.079722671,,
390,481130027022,339,629172,345.1450847,0.17342155,0.079341685,,
391,481130109023,1173,181433.5,344.3880698,0.050009344,0.079167663,,
392,481130078212,627,337888.5,342.8258483,0.093133749,0.078808541,,
393,481130076043,565,374239,342.1606793,0.103153204,0.078655632,,
394,481130011022,468,450536.5,341.1995437,0.124183432,0.078434687,,
395,481130106021,740,284520,340.7039177,0.078423546,0.078320753,,
396,481130130052,785,266714.5,338.8042826,0.073515735,0.077884066,,
397,481130112003,583,357394,337.1696069,0.098510139,0.077508288,,
398,481130190183,1144,181798.5,336.549483,0.05010995,0.077365735,,
399,481130127014,900,230603,335.8459149,0.063562157,0.077203999,,
400,481130192122,674,306243,334.0093888,0.084411156,0.07678182,,
401,481130041001,364,566680,333.7888894,0.156196595,0.076731132,,
402,481130078011,574,357121,331.7110119,0.098434891,0.076253471,,
403,481130206002,576,355758,331.5963688,0.098059201,0.076227117,,
404,481130081001,1062,192122,330.1674256,0.052955464,0.075898632,,
405,481130014004,311,654771,329.5204961,0.180477519,0.075749917,,
406,481130078201,1013,200476,328.6279075,0.055258115,0.075544729,,
407,481130053003,402,503961,327.8352056,0.138909071,0.075362503,,
408,481130078104,1082,187193.5,327.7559865,0.051596999,0.075344293,,
409,481130065022,876,231204.5,327.7426768,0.063727952,0.075341233,,
410,481130127022,557,363490.5,327.6278921,0.100190546,0.075314846,,
411,481130087041,632,320221,327.491095,0.088263976,0.0752834,,
412,481130065021,578,349174.5,326.5900626,0.096244561,0.075076271,,
413,481130039022,435,463024.5,325.9311253,0.127625556,0.074924795,,
414,481130077002,708,284000,325.3750182,0.078280216,0.074796957,,
415,481130190161,551,363597,324.1936453,0.100219901,0.074525384,,
416,481130001003,535,373572,323.4154085,0.102969355,0.074346484,,
417,481130136054,868,229231.5,321.9783193,0.063184125,0.074016127,,
418,481130115002,698,285000.5,321.9093953,0.078555989,0.074000283,,
419,481130078053,633,312593,320.1957522,0.086161435,0.073606352,,
420,481130088011,416,474393,319.3480072,0.130759108,0.073411473,,
421,481130108011,853,231204.5,319.1375609,0.063727952,0.073363096,,
422,481130079142,426,462229.5,318.6396864,0.127406427,0.073248645,,
423,481130078213,698,280015,316.2782498,0.077181812,0.072705799,,
424,481130078122,735,265853,316.1997427,0.073278276,0.072687752,,
425,481130078102,643,303690,315.9905335,0.083707461,0.072639659,,
426,481130078043,1045,186513.5,315.3981706,0.051409567,0.072503487,,
427,481130098031,722,269528,314.9007492,0.074291233,0.072389141,,
428,481130108051,1083,179577,314.7108937,0.049497628,0.072345497,,
429,481130097012,709,272448,312.5809214,0.075096086,0.07185586,,
430,481130078202,679,284208,312.2760522,0.078337548,0.071785777,,
431,481130122062,540,354939.5,310.1563668,0.097833594,0.071298506,,
432,481130064024,453,422998.5,310.0770596,0.116593007,0.071280275,,
433,481130009003,283,666389,305.1735311,0.183679842,0.070153055,,
434,481130087042,563,334720,304.9458064,0.092260401,0.070100706,,
435,481130060023,535,350436,303.3856983,0.096592274,0.06974207,,
436,481130078044,1203,155817.5,303.3293728,0.042948689,0.069729122,,
437,481130048002,285,654660,301.920967,0.180446924,0.069405358,,
438,481130131051,908,205273,301.6131592,0.056580334,0.0693346,,
439,481130062001,373,499088.5,301.244414,0.137566041,0.069249833,,
440,481130060022,585,317470,300.5323074,0.087505705,0.069086134,,
441,481130079122,653,283584.5,299.6596574,0.07816569,0.06888553,,
442,481130063012,359,512329.5,297.6298048,0.141215718,0.068418909,,
443,481130185031,1132,162373.5,297.4364484,0.044755749,0.068374461,,
444,481130125004,462,397124,296.8935191,0.109461101,0.068249653,,
445,481130004041,267,677894,292.890752,0.186851017,0.0673295,,
446,481130091014,787,229524.5,292.3050981,0.063264886,0.06719487,,
447,481130096111,769,234144,291.3680858,0.064538179,0.06697947,,
448,481130136051,727,246068,289.4823956,0.067824846,0.066545989,,
449,481130098023,602,296742.5,289.073879,0.08179249,0.06645208,,
450,481130109041,400,443782,287.2514847,0.122321658,0.066033149,,
451,481130087032,543,325166,285.7179766,0.089626989,0.065680627,,
452,481130078254,692,253638,284.0226807,0.0699114,0.065290914,,
453,481130082003,756,231982,283.7975824,0.063942257,0.065239169,,
454,481130122111,486,356481,280.3530366,0.098258485,0.064447339,,
455,481130071012,307,563451.5,279.9158705,0.155306709,0.064346844,,
456,481130079133,352,491164.5,279.7707073,0.135381913,0.064313474,,
457,481130087031,480,358507.5,278.4659449,0.098817058,0.064013536,,
458,481130040001,302,569491,278.3084648,0.156971404,0.063977335,,
459,481130078271,543,314324,276.1912908,0.086638559,0.06349064,,
460,481130107011,2087,81737,276.0411007,0.022529542,0.063456115,,
461,481130094012,666,254032,273.7759309,0.07002,0.062935399,,
462,481130107041,1575,106265.5,270.8354168,0.029290445,0.062259436,,
463,481130096102,1179,140286.5,267.6469465,0.038667808,0.061526473,,
464,481130097011,1199,137748.5,267.2628954,0.037968248,0.061438188,,
465,481130072014,290,569043.5,267.0398482,0.156848057,0.061386914,,
466,481130094013,434,377703,265.2606146,0.104108002,0.060977905,,
467,481130027012,544,301091.5,265.0513391,0.082991224,0.060929797,,
468,481130088023,438,373022,264.3876499,0.102817756,0.060777228,,
469,481130136111,775,209044.5,262.1640007,0.05761989,0.060266058,,
470,481130052004,330,486992,260.056896,0.134231828,0.059781678,,
471,481130054002,319,499209.5,257.6950831,0.137599393,0.059238746,,
472,481130096032,1185,134279.5,257.4901816,0.037012071,0.059191644,,
473,481130120002,615,258427,257.1849847,0.071231413,0.059121485,,
474,481130126032,571,277444,256.3563344,0.076473156,0.058930996,,
475,481130127012,332,476725,256.1171254,0.131401888,0.058876007,,
476,481130042023,240,658784,255.8508665,0.181583641,0.058814799,,
477,481130110022,449,351243,255.2035002,0.096814711,0.058665983,,
478,481130038003,284,554654.5,254.9021441,0.152881951,0.058596708,,
479,481130111033,712,220904.5,254.517216,0.060888916,0.058508221,,
480,481130203003,261,595745,251.6132579,0.164207913,0.057840661,,
481,481130114013,621,249875.5,251.1006772,0.068874325,0.057722829,,
482,481130129004,595,260766.5,251.0737859,0.071876261,0.057716648,,
483,481130039011,394,393102.5,250.6309125,0.108352636,0.05761484,,
484,481130076042,400,384035,248.57841,0.10585332,0.057143013,,
485,481130106013,278,545004.5,245.1757383,0.150222078,0.056360809,,
486,481130060011,292,518837,245.1581857,0.14300941,0.056356774,,
487,481130087051,289,523402,244.7743062,0.144267682,0.056268528,,
488,481130079023,563,267647,243.83912,0.073772764,0.056053548,,
489,481130085003,598,251365.5,243.2425021,0.06928502,0.055916398,,
490,481130078272,477,314324,242.6210787,0.086638559,0.055773546,,
491,481130084004,688,217064,241.6622684,0.059830341,0.055553135,,
492,481130081005,534,278079.5,240.2939512,0.076648322,0.055238588,,
493,481130039012,318,466496.5,240.0535414,0.128582559,0.055183322,,
494,481130127013,763,193607,239.0441947,0.053364781,0.054951295,,
495,481130192082,963,153121.5,238.6135322,0.042205578,0.054852294,,
496,481130136071,631,232914.5,237.8255409,0.064199287,0.054671151,,
497,481130133001,569,258070,237.6196741,0.071133012,0.054623827,,
498,481130027021,294,497544.5,236.7074178,0.137140461,0.054414118,,
499,481130037003,260,562297,236.5765652,0.154988488,0.054384038,,
500,481130096113,533,272189.5,234.7638292,0.075024834,0.053967327,,
501,481130085004,572,252970,234.1518844,0.069727276,0.053826654,,
502,481130132004,563,256440,233.6290111,0.070683728,0.053706456,,
503,481130122063,684,210649.5,233.1573669,0.058062283,0.053598035,,
504,481130080001,729,197240,232.677897,0.054366161,0.053487815,,
505,481130078184,504,284208,231.7925336,0.078337548,0.053284288,,
506,481130185062,763,187193.5,231.1255247,0.051596999,0.053130957,,
507,481130091013,548,260372,230.8912342,0.071767523,0.053077098,,
508,481130073022,459,308288,228.9823001,0.084974828,0.052638274,,
509,481130126031,539,262197.5,228.6914454,0.072270694,0.052571413,,
510,481130078091,383,366863.5,227.3714266,0.101120261,0.052267968,,
511,481130136091,1151,122031,227.2888344,0.033635961,0.052248981,,
512,481130084006,647,216810.5,226.9954747,0.059760468,0.052181544,,
513,481130088012,528,265347,226.7152386,0.073138805,0.052117124,,
514,481130128002,885,157646,225.7661537,0.043452686,0.051898949,,
515,481130038001,251,554654.5,225.283233,0.152881951,0.051787935,,
516,481130108013,1890,73528,224.8781009,0.020266858,0.051694804,,
517,481130109042,1381,100578,224.765309,0.027722773,0.051668875,,
518,481130106022,488,284520,224.6804214,0.078423546,0.051649361,,
519,481130114011,526,263015.5,223.8719566,0.072496163,0.051463512,,
520,481130089001,287,481515.5,223.6272772,0.132722315,0.051407266,,
521,481130129005,530,260617.5,223.5177679,0.071835191,0.051382092,,
522,481130072021,394,350270,223.3221354,0.096546519,0.05133712,,
523,481130132003,755,181768,222.0736282,0.050101543,0.051050114,,
524,481130110021,666,204494,220.3877276,0.056365615,0.05066256,,
525,481130130072,454,297572,218.6152855,0.082021129,0.050255113,,
526,481130087043,355,379749.5,218.1514839,0.104672088,0.050148494,,
527,481130098044,1000,134764,218.0753111,0.037145616,0.050130984,,
528,481130078183,413,326231.5,218.0261331,0.089920677,0.050119679,,
529,481130034001,235,570073,216.7858553,0.157131823,0.049834565,,
530,481130121002,957,139688.5,216.3242463,0.038502979,0.04972845,,
531,481130136053,802,165065,214.2209654,0.045497619,0.04924495,,
532,481130091012,579,227641,213.2856595,0.062745728,0.049029942,,
533,481130084002,534,246361.5,212.8858051,0.067905745,0.048938024,,
534,481130085002,552,237994,212.5874848,0.065599372,0.048869447,,
535,481130088022,553,237196.5,212.2589519,0.065379554,0.048793924,,
536,481130041002,240,545168.5,211.7262003,0.150267282,0.048671455,,
537,481130130082,1283,101937.5,211.637802,0.028097498,0.048651134,,
538,481130078251,1032,126456,211.1794942,0.034855644,0.048545779,,
539,481130136152,523,249092,210.8113921,0.068658365,0.04846116,,
540,481130078111,1028,126453.5,210.3568102,0.034854955,0.048356661,,
541,481130130073,438,295756.5,209.624006,0.081520714,0.048188204,,
542,481130082002,568,228047.5,209.6072301,0.062857773,0.048184348,,
543,481130080003,570,225777,208.2510316,0.062231945,0.047872586,,
544,481130136193,791,162592,208.117339,0.044815975,0.047841853,,
545,481130096073,652,195466.5,206.2303316,0.053877324,0.047408069,,
546,481130109031,991,127994,205.256006,0.03527957,0.047184092,,
547,481130079025,458,275951.5,204.517674,0.076061771,0.047014365,,
548,481130089002,254,496918.5,204.2450265,0.136967914,0.046951689,,
549,481130122042,206,609408.5,203.1460281,0.167974046,0.046699052,,
550,481130110016,503,248623,202.368026,0.068529092,0.046520205,,
551,481130192121,816,153121.5,202.1896597,0.042205578,0.046479203,,
552,481130192123,718,171032.5,198.7173083,0.047142469,0.045680981,,
553,481130129003,469,260575.5,197.7602626,0.071823614,0.045460976,,
554,481130122071,525,232523,197.5412641,0.064091376,0.045410633,,
555,481130095001,625,193568.5,195.7705269,0.053354169,0.045003577,,
556,481130015042,178,676371,194.8218166,0.186431226,0.044785488,,
557,481130091042,1013,118825.5,194.7832929,0.032752415,0.044776633,,
558,481130108035,1139,104208,192.0690519,0.028723327,0.044152685,,
559,481130076051,290,408660,191.7753289,0.112640821,0.044085164,,
560,481130088024,495,239224,191.6207583,0.065938403,0.044049632,,
561,481130084003,550,215287,191.6077641,0.059340538,0.044046645,,
562,481130080002,541,218667.5,191.431813,0.060272321,0.044006197,,
563,481130096071,759,155809,191.366945,0.042946346,0.043991285,,
564,481130079061,456,258933,191.0666343,0.071370885,0.04392225,,
565,481130073012,431,272941,190.3612975,0.075231974,0.043760108,,
566,481130086041,495,237085,189.9073984,0.065348821,0.043655766,,
567,481130128006,611,191976.5,189.811223,0.052915359,0.043633657,,
568,481130078255,745,157162,189.4682428,0.043319279,0.043554813,,
569,481130133002,476,242955,187.1394728,0.066966796,0.043019477,,
570,481130055001,218,528501.5,186.4383821,0.145673281,0.042858311,,
571,481130109022,633,181433.5,185.8462474,0.050009344,0.042722192,,
572,481130108032,375,303322.5,184.0638502,0.083606165,0.042312456,,
573,481130043002,161,705661.5,183.8463056,0.1945047,0.042262447,,
574,481130039021,245,463024.5,183.5704039,0.127625556,0.042199022,,
575,481130097021,595,190387.5,183.3107796,0.052477376,0.04213934,,
576,481130078103,743,152279.5,183.0892576,0.041973494,0.042088417,,
577,481130087012,356,317772,183.0620127,0.087588947,0.042082154,,
578,481130087014,315,358972.5,182.9803024,0.098945229,0.04206337,,
579,481130080005,390,289879.5,182.9425458,0.07990081,0.042054691,,
580,481130111041,540,208698,182.3663285,0.057524382,0.041922231,,
581,481130128001,825,135683.5,181.1396791,0.037399062,0.041640249,,
582,481130165104,1427,78353,180.9306779,0.021596795,0.041592204,,
583,481130076041,541,206535.5,180.8108897,0.056928323,0.041564667,,
584,481130165203,1237,90185,180.5246938,0.024858103,0.041498877,,
585,481130098042,485,229573,180.1752593,0.063278254,0.041418549,,
586,481130078112,895,123295,178.5669612,0.033984364,0.041048835,,
587,481130063015,267,411094.5,177.617411,0.113311853,0.040830553,,
588,481130084001,440,246644.5,175.6130233,0.067983749,0.040369786,,
589,481130136211,655,165619,175.5432222,0.045650321,0.04035374,,
590,481130077003,381,284113,175.1655469,0.078311363,0.04026692,,
591,481130096101,795,135568.5,174.4048376,0.037367364,0.040092049,,
592,481130085001,456,235392.5,173.6961018,0.064882309,0.039929126,,
593,481130078012,330,324747,173.4170105,0.089511498,0.039864968,,
594,481130130071,1131,94686.5,173.2939002,0.026098872,0.039836668,,
595,481130130051,395,269877,172.5025729,0.074387429,0.039654758,,
596,481130190353,1131,94059,172.1454585,0.025925911,0.039572665,,
597,481130057001,461,228517,170.4716038,0.062987184,0.03918788,,
598,481130098024,379,277280,170.0553749,0.076427952,0.039092198,,
599,481130131022,677,153749.5,168.4360268,0.042378676,0.038719944,,
600,481130101021,146,711863.5,168.1830364,0.196214186,0.038661786,,
601,481130064023,285,364158.5,167.945325,0.100374669,0.038607141,,
602,481130127021,436,237095,167.2790265,0.065351577,0.038453973,,
603,481130048003,176,587001,167.1799214,0.161797765,0.038431191,,
604,481130096072,657,156874,166.7819117,0.043239897,0.038339697,,
605,481130027011,270,380402,166.2031167,0.104851939,0.038206644,,
606,481130059012,210,486860.5,165.4460653,0.134195582,0.038032614,,
607,481130136191,1531,66391,164.4814813,0.018299654,0.037810876,,
608,481130124002,418,243039.5,164.3939204,0.066990087,0.037790747,,
609,481130136101,817,124262.5,164.2838042,0.03425104,0.037765434,,
610,481130090003,429,236530,164.2011263,0.065195843,0.037746428,,
611,481130111052,485,208698,163.7919802,0.057524382,0.037652374,,
612,481130130053,340,296983,163.3966374,0.08185878,0.037561493,,
613,481130082004,380,265545.5,163.2883311,0.073193518,0.037536595,,
614,481130078242,642,157162,163.2733045,0.043319279,0.037533141,,
615,481130049003,209,479041,162.0136398,0.132040257,0.03724357,,
616,481130096112,819,121716.5,161.311736,0.033549274,0.037082217,,
617,481130078261,357,277354,160.2268363,0.076448349,0.036832821,,
618,481130130093,1096,90236.5,160.0388433,0.024872298,0.036789606,,
619,481130057003,271,364878,160.0109034,0.100572988,0.036783183,,
620,481130136192,668,147970.5,159.9499879,0.040785784,0.036769179,,
621,481130121001,703,139637.5,158.8510162,0.038488921,0.036516549,,
622,481130108031,443,220237,157.8798178,0.060704929,0.03629329,,
623,481130111043,465,208149,156.6245692,0.057373059,0.036004735,,
624,481130063013,222,434235,155.9949027,0.119690175,0.035859988,,
625,481130130111,1073,89746.5,155.8295621,0.024737237,0.035821979,,
626,481130096083,1019,94492.5,155.8131584,0.026045399,0.035818208,,
627,481130096093,479,200419.5,155.3488689,0.055242542,0.035711478,,
628,481130084005,396,241396,154.6884412,0.066537081,0.035559659,,
629,481130096103,787,121411,154.6198958,0.033465068,0.035543902,,
630,481130136202,569,167220,153.9689305,0.046091612,0.035394259,,
631,481130078232,279,338876.5,152.9953614,0.093406076,0.035170455,,
632,481130124003,265,355254,152.3412302,0.097920281,0.035020084,,
633,481130078252,369,252985,151.0614836,0.06973141,0.034725897,,
634,481130131011,486,191380.5,150.510418,0.052751081,0.034599218,,
635,481130027013,299,310567.5,150.2656804,0.085603137,0.034542958,,
636,481130136072,400,229231.5,148.3771057,0.063184125,0.034108814,,
637,481130130112,1013,89746.5,147.1158867,0.024737237,0.033818886,,
638,481130078241,578,157162,146.996838,0.043319279,0.033791519,,
639,481130131042,461,195426,145.7860187,0.05386616,0.033513177,,
640,481130087011,376,237085,144.2528925,0.065348821,0.033160743,,
641,481130136104,860,103651.5,144.2469537,0.028569936,0.033159378,,
642,481130128005,461,191989.5,143.222421,0.052918942,0.032923859,,
643,481130078231,377,234627,143.1370115,0.064671311,0.032904225,,
644,481130115003,191,463024.5,143.1099883,0.127625556,0.032898013,,
645,481130176051,975,90554,142.8712559,0.024959812,0.032843134,,
646,481130088013,328,266279.5,141.3331974,0.073395834,0.032489566,,
647,481130078192,298,292726.5,141.1597602,0.080685541,0.032449696,,
648,481130185052,535,162373.5,140.5728798,0.044755749,0.032314785,,
649,481130130044,683,126911,140.2660534,0.034981058,0.032244252,,
650,481130059013,394,219419,139.8952797,0.06047946,0.032159019,,
651,481130082001,429,200775.5,139.38005,0.055340667,0.032040578,,
652,481130120004,1278,67045,138.653187,0.018479919,0.031873487,,
653,481130079022,680,125531,138.1314303,0.034600682,0.031753546,,
654,481130190163,557,152532,137.4829264,0.042043091,0.031604469,,
655,481130124005,282,299513,136.6776154,0.082556135,0.031419345,,
656,481130079021,755,111026,135.6451446,0.030602603,0.031182001,,
657,481130078051,444,187819,134.944473,0.051769408,0.031020931,,
658,481130040002,162,507021,132.9148697,0.139752512,0.030554367,,
659,481130108033,660,122811,131.1637458,0.033850956,0.03015182,,
660,481130113002,740,109308.5,130.8935547,0.030129201,0.030089709,,
661,481130130092,835,95431,128.9462029,0.026304082,0.029642053,,
662,481130096031,523,150621,127.4734744,0.041516354,0.029303504,,
663,481130107042,958,81737,126.7117271,0.022529542,0.029128394,,
664,481130091011,339,228046.5,125.0995412,0.062857498,0.028757786,,
665,481130057004,350,219297,124.2033594,0.060445833,0.028551772,,
666,481130113001,941,80790,123.0211661,0.022268516,0.02828001,,
667,481130115001,266,284091,122.2845866,0.078305299,0.028110686,,
668,481130076012,517,145753,121.9384452,0.040174565,0.028031115,,
669,481130205001,115,655154,121.9196887,0.180583087,0.028026804,,
670,481130130045,588,127501,121.3175203,0.035143683,0.027888378,,
671,481130136073,307,244146,121.2887713,0.067295076,0.027881769,,
672,481130130054,251,297572,120.8643979,0.082021129,0.027784214,,
673,481130059016,324,228888,120.0053595,0.063089444,0.027586739,,
674,481130165103,1871,39176.5,118.6129286,0.010798398,0.027266648,,
675,481130078151,216,338985.5,118.4861207,0.093436121,0.027237498,,
676,481130190192,941,77416,117.883483,0.021338525,0.027098964,,
677,481130136181,787,92137,117.3387365,0.025396142,0.026973738,,
678,481130136082,569,127134.5,117.059939,0.035042662,0.026909648,,
679,481130077001,324,219622.5,115.1474829,0.060535552,0.026470014,,
680,481130136081,550,129217,115.004531,0.035616671,0.026437153,,
681,481130131012,346,203271,113.8109714,0.056028513,0.026162778,,
682,481130130091,526,133590.5,113.7087609,0.036822159,0.026139282,,
683,481130136171,763,91623,113.1257974,0.025254466,0.026005271,,
684,481130059015,207,332252,111.2936939,0.091580135,0.025584108,,
685,481130130042,744,91243,109.8512743,0.025149725,0.025252526,,
686,481130073011,494,136699.5,109.276426,0.037679107,0.02512038,,
687,481130130113,648,103966,109.0181853,0.028656623,0.025061016,,
688,481130098033,272,246299,108.4087059,0.067888518,0.024920909,,
689,481130120003,977,67856,107.2791754,0.018703459,0.024661254,,
690,481130136074,533,121075,104.4273589,0.033372455,0.02400568,,
691,481130049004,133,485008,104.3838115,0.133684969,0.02399567,,
692,481130110015,251,252444.5,102.5350252,0.06958243,0.023570672,,
693,481130020003,88,714853.5,101.7963785,0.197038333,0.023400873,,
694,481130027014,193,321667.5,100.4609083,0.088662681,0.023093876,,
695,481130136112,725,85603,100.4291066,0.023595146,0.023086565,,
696,481130107032,715,85532.5,98.96230804,0.023575713,0.022749379,,
697,481130130102,680,89746.5,98.75498811,0.024737237,0.02270172,,
698,481130107031,703,85532.5,97.30140217,0.023575713,0.022367571,,
699,481130078253,378,157162,96.13288024,0.043319279,0.022098952,,
700,481130110023,268,221555,96.08353156,0.061068216,0.022087608,,
701,481130037004,104,568288.5,95.63895335,0.156639953,0.021985409,,
702,481130088021,248,237196.5,95.19027137,0.065379554,0.021882266,,
703,481130088025,256,226407,93.79127142,0.062405595,0.021560665,,
704,481130108012,542,106265.5,93.20177517,0.029290445,0.021425152,,
705,481130059014,267,215536.5,93.12465896,0.059409309,0.021407425,,
706,481130086032,161,355510,92.62117902,0.097990844,0.021291685,,
707,481130192131,335,170303.5,92.32110378,0.046941531,0.021222704,,
708,481130135002,714,78570.5,90.78003301,0.021656746,0.020868444,,
709,481130130041,607,91598,89.97198246,0.025247575,0.02068269,,
710,481130136093,475,116031.5,89.18711669,0.031982292,0.020502265,,
711,481130130081,566,95786.5,87.73105329,0.02640207,0.020167547,,
712,481130136092,413,129217,86.3579478,0.035616671,0.019851898,,
713,481130078042,344,154749,86.14278363,0.042654173,0.019802436,,
714,481130136102,437,121706.5,86.06524669,0.033546518,0.019784612,,
715,481130135001,625,82768,83.70956519,0.022813722,0.01924309,,
716,481130136172,388,133189,83.62433775,0.036711492,0.019223498,,
717,481130086031,209,235525,79.65552535,0.064918831,0.018311151,,
718,481130165212,1463,33088,78.33348544,0.009120196,0.018007241,,
719,481130091053,399,119545,77.1857129,0.032950734,0.017743392,,
720,481130190194,292,162373.5,76.72388951,0.044755749,0.017637228,,
721,481130166071,936,50289,76.16956163,0.013861387,0.0175098,,
722,481130111042,224,208698,75.64825477,0.057524382,0.017389962,,
723,481130091041,724,62876,73.66413256,0.017330799,0.016933854,,
724,481130096081,466,96596,72.8412965,0.026625196,0.016744701,,
725,481130130043,435,101969.5,71.77813243,0.028106319,0.016500302,,
726,481130176052,644,67619,70.46723304,0.018638134,0.016198953,,
727,481130136182,472,92173,70.40091914,0.025406065,0.016183709,,
728,481130098032,169,249268,68.1688302,0.068706877,0.015670598,,
729,481130121003,1214,33809.5,66.41864977,0.009319067,0.015268268,,
730,481130088026,173,237196.5,66.40289092,0.065379554,0.015264645,,
731,481130096082,408,93168.5,61.512287,0.025680459,0.014140397,,
732,481130095002,687,55226.5,61.3955459,0.015222332,0.014113561,,
733,481130096092,395,94620.5,60.48043999,0.02608068,0.013903197,,
734,481130136173,564,65895.5,60.14056022,0.018163077,0.013825065,,
735,481130166073,727,50289.5,59.16220286,0.013861524,0.013600161,,
736,481130087013,113,318059.5,58.15933379,0.087668192,0.013369623,,
737,481130092011,1021,34052,56.2601615,0.009385908,0.012933042,,
738,481130108014,734,47329.5,56.21608331,0.013045646,0.01292291,,
739,481130092023,1007,33861.5,55.17829425,0.0093334,0.012684344,,
740,481130131021,340,99931,54.98088904,0.027544438,0.012638964,,
741,481130093011,904,33993.5,49.7275337,0.009369784,0.011431327,,
742,481130092021,1036,27813.5,46.62813082,0.007666362,0.010718839,,
743,481130107012,347,81737,45.89662767,0.022529542,0.010550681,,
744,481130117014,1101,25263,45.00956843,0.006963356,0.010346765,,
745,481130120001,393,69808,44.3946211,0.019241498,0.010205401,,
746,481130118004,940,29050,44.1882292,0.008007184,0.010157956,,
747,481130165211,1927,13922,43.4126155,0.003837384,0.009979658,,
748,481130109032,844,31502.5,43.0249203,0.008683178,0.009890535,,
749,481130093013,858,30401,42.20926259,0.008379566,0.009703033,,
750,481130165201,782,33121,41.91242617,0.009129292,0.009634796,,
751,481130090004,448,57499,41.68414648,0.015848712,0.009582319,,
752,481130119001,1078,23172.5,40.42260142,0.006387142,0.009292316,,
753,481130136052,535,46570.5,40.3178431,0.012836439,0.009268235,,
754,481130117012,810,29234.5,38.31892325,0.008058039,0.008808724,,
755,481130118003,792,29037.5,37.21491335,0.008003739,0.008554935,,
756,481130119003,668,34044,36.80015535,0.009383703,0.008459591,,
757,481130116011,725,30825.5,36.16435668,0.008496573,0.008313434,,
758,481130093044,720,30400,35.41919511,0.008379291,0.008142137,,
759,481130096094,469,45778.5,34.74297539,0.012618137,0.007986688,,
760,481130111013,520,41234.5,34.69738013,0.011365653,0.007976207,,
761,481130111044,199,105378,33.93404534,0.029045819,0.007800732,,
762,481130091031,879,23220.5,33.02881936,0.006400372,0.007592639,,
763,481130091052,610,33070.5,32.64398757,0.009115373,0.007504175,,
764,481130092014,725,27755.5,32.56264463,0.007650375,0.007485476,,
765,481130092022,580,33916,31.83209541,0.009348422,0.007317537,,
766,481130092013,581,33070.5,31.09206029,0.009115373,0.007147419,,
767,481130090001,554,34372.5,30.81438419,0.009474249,0.007083587,,
768,481130119002,549,34506.5,30.65532065,0.009511184,0.007047021,,
769,481130131041,148,124019,29.70178488,0.034183923,0.006827823,,
770,481130076011,482,37940,29.59218085,0.010457575,0.006802628,,
771,481130080004,426,41527,28.62679742,0.011446277,0.006580706,,
772,481130092015,524,33124.5,28.0875091,0.009130257,0.006456735,,
773,481130118002,710,24182,27.78325809,0.006665395,0.006386794,,
774,481130091032,579,28527.5,26.72851837,0.007863165,0.006144331,,
775,481130096091,329,49299.5,26.24647718,0.013588646,0.00603352,,
776,481130117011,551,29234.5,26.06632927,0.008058039,0.005992108,,
777,481130118005,668,24095,26.04569801,0.006641415,0.005987365,,
778,481130166072,320,50289.5,26.04113468,0.013861524,0.005986316,,
779,481130116024,538,29176.5,25.40083985,0.008042052,0.005839125,,
780,481130117022,1187,12987.5,24.94645776,0.003579804,0.005734672,,
781,481130111053,388,38339.5,24.07192259,0.010567691,0.005533635,,
782,481130091051,533,26394.5,22.76529362,0.007275237,0.005233268,,
783,481130093012,497,27692,22.27118469,0.007632872,0.005119683,,
784,481130113003,507,26410,21.66750813,0.007279509,0.00498091,,
785,481130093041,433,30825.5,21.59885027,0.008496573,0.004965127,,
786,481130111051,593,22080.5,21.18830445,0.006086149,0.004870751,,
787,481130093033,595,21310.5,20.51838681,0.00587391,0.004716751,,
788,481130093031,579,21525,20.16760522,0.005933034,0.004636113,,
789,481130112001,1515,8203,20.11027234,0.00226103,0.004622934,,
790,481130119004,504,24190.5,19.72913248,0.006667738,0.004535318,,
791,481130093042,390,30825.5,19.4539298,0.008496573,0.004472054,,
792,481130108034,325,35902,18.88141819,0.009895832,0.004340446,,
793,481130119006,461,24139.5,18.00784747,0.006653681,0.00413963,,
794,481130171012,1992,5529,17.82249624,0.001523984,0.004097022,,
795,481130093032,574,16659.5,15.4741379,0.004591934,0.003557183,,
796,481130111031,379,22567,13.84030455,0.006220245,0.003181599,,
797,481130093043,290,28812.5,13.52108517,0.007941721,0.003108217,,
798,481130117013,275,28958.5,12.88668948,0.007981964,0.002962382,,
799,481130117023,573,13765.5,12.76377737,0.003794248,0.002934127,,
800,481130190351,40,187193.5,12.11667233,0.051596999,0.002785371,,
801,481130116021,550,12289.5,10.93778824,0.003387411,0.00251437,,
802,481130167014,1048,6328,10.73149829,0.001744216,0.002466949,,
803,481130202001,331,19812,10.61179669,0.005460872,0.002439432,,
804,481130086042,350,18587.5,10.52741233,0.005123357,0.002420033,,
805,481130170042,1727,3686,10.30102109,0.001015989,0.002367991,,
806,481130166051,1133,5566.5,10.20574542,0.00153432,0.002346089,,
807,481130092012,184,34052,10.13895173,0.009385908,0.002330734,,
808,481130116023,1045,5736,9.69969416,0.00158104,0.002229758,,
809,481130141271,3494,1532,8.6619221,0.000422272,0.001991196,,
810,481130167011,674,7825,8.534475784,0.00215684,0.001961899,,
811,481130202002,814,6328,8.33534314,0.001744216,0.001916122,,
812,481130116012,599,6723.5,6.517106817,0.001853229,0.001498147,,
813,481130116013,211,18801,6.419423273,0.005182205,0.001475692,,
814,481130114012,612,6242,6.181698141,0.001720511,0.001421044,,
815,481130165102,1968,1658,5.280100976,0.000457002,0.001213786,,
816,481130170043,1879,1733,5.269360972,0.000477675,0.001211317,,
817,481130171011,614,5200,5.166593848,0.0014333,0.001187693,,
818,481130165101,1878,1658,5.038632943,0.000457002,0.001158277,,
819,481130116022,800,3829.5,4.95752221,0.001055543,0.001139631,,
820,481130202003,458,6305.5,4.673234947,0.001738014,0.00107428,,
821,481130171021,943,3049,4.652664369,0.00084041,0.001069551,,
822,481130167013,431,6328,4.413431073,0.001744216,0.001014556,,
823,481130167012,427,6328,4.372471156,0.001744216,0.00100514,,
824,481130159003,972,2157,3.392727802,0.000594544,0.000779918,,
825,481130165112,1184,1658,3.176646116,0.000457002,0.000730245,,
826,481130165111,1111,1658,2.980788711,0.000457002,0.000685221,,
827,481130170041,968,1821,2.852449148,0.000501931,0.000655719,,
828,481130167031,379,4374,2.682567115,0.001205626,0.000616666,,
829,481130171022,1606,972,2.526064372,0.000267917,0.00058069,,
830,481130136252,1691,433,1.184852015,0.00011935,0.000272373,,
831,481130136243,1186,110,0.211110572,3.03198E-05,4.85299E-05,,
832,481130185033,1003,14,0.022722786,3.85888E-06,5.2235E-06,,
833,481130078222,0,312669,0,0.086182384,0,,
834,481130078233,0,312190.5,0,0.086050492,0,,
