GEOID,F1,F2,F3,F4,F5,F6,Number of Records
1234,,0,1,2,3,4,1
statecountytractblock group,0,B23025_002E,state,county,tract,block group,1
481130167034,1,4085,48,113,016703,4,1
481130167031,2,379,48,113,016703,1,1
481130167032,3,807,48,113,016703,2,1
481130167033,4,351,48,113,016703,3,1
481130174001,5,329,48,113,017400,1,1
481130174003,6,631,48,113,017400,3,1
481130174004,7,1343,48,113,017400,4,1
481130174002,8,337,48,113,017400,2,1
481130178041,9,653,48,113,017804,1,1
481130178044,10,1484,48,113,017804,4,1
481130178042,11,432,48,113,017804,2,1
481130178043,12,1065,48,113,017804,3,1
481130178131,13,1084,48,113,017813,1,1
481130178133,14,674,48,113,017813,3,1
481130178134,15,1132,48,113,017813,4,1
481130178132,16,1015,48,113,017813,2,1
481130184012,17,1054,48,113,018401,2,1
481130184011,18,649,48,113,018401,1,1
481130184013,19,719,48,113,018401,3,1
481130190161,20,551,48,113,019016,1,1
481130190162,21,810,48,113,019016,2,1
481130054002,22,319,48,113,005400,2,1
481130054004,23,490,48,113,005400,4,1
481130054001,24,1053,48,113,005400,1,1
481130076011,25,482,48,113,007601,1,1
481130076012,26,517,48,113,007601,2,1
481130091032,27,579,48,113,009103,2,1
481130091031,28,879,48,113,009103,1,1
481130094022,29,735,48,113,009402,2,1
481130094021,30,688,48,113,009402,1,1
481130096101,31,795,48,113,009610,1,1
481130096102,32,1179,48,113,009610,2,1
481130098023,33,602,48,113,009802,3,1
481130098021,34,744,48,113,009802,1,1
481130098022,35,993,48,113,009802,2,1
481130098024,36,379,48,113,009802,4,1
481130164101,37,1885,48,113,016410,1,1
481130160022,38,684,48,113,016002,2,1
481130164092,39,966,48,113,016409,2,1
481130164091,40,976,48,113,016409,1,1
481130164102,41,696,48,113,016410,2,1
481130165025,42,497,48,113,016502,5,1
481130165023,43,1350,48,113,016502,3,1
481130165022,44,1066,48,113,016502,2,1
481130165021,45,189,48,113,016502,1,1
481130165024,46,307,48,113,016502,4,1
481130165184,47,641,48,113,016518,4,1
481130165181,48,556,48,113,016518,1,1
481130165183,49,284,48,113,016518,3,1
481130165182,50,740,48,113,016518,2,1
481130183003,51,878,48,113,018300,3,1
481130183005,52,554,48,113,018300,5,1
481130187001,53,718,48,113,018700,1,1
481130183004,54,977,48,113,018300,4,1
481130183001,55,482,48,113,018300,1,1
481130187004,56,631,48,113,018700,4,1
481130187003,57,617,48,113,018700,3,1
481130190163,58,557,48,113,019016,3,1
481130190311,59,1527,48,113,019031,1,1
481130170042,60,1727,48,113,017004,2,1
481130170041,61,968,48,113,017004,1,1
481130173013,62,502,48,113,017301,3,1
481130173012,63,1506,48,113,017301,2,1
481130173011,64,864,48,113,017301,1,1
481130178111,65,291,48,113,017811,1,1
481130178113,66,1174,48,113,017811,3,1
481130178112,67,692,48,113,017811,2,1
481130178142,68,1166,48,113,017814,2,1
481130178143,69,796,48,113,017814,3,1
481130178141,70,1314,48,113,017814,1,1
481130179003,71,422,48,113,017900,3,1
481130179002,72,330,48,113,017900,2,1
481130179001,73,440,48,113,017900,1,1
481130179004,74,863,48,113,017900,4,1
481130156002,75,890,48,113,015600,2,1
481130156001,76,891,48,113,015600,1,1
481130156003,77,944,48,113,015600,3,1
481130163012,78,1723,48,113,016301,2,1
481130163013,79,1314,48,113,016301,3,1
481130163011,80,776,48,113,016301,1,1
481130164072,81,1120,48,113,016407,2,1
481130164071,82,1430,48,113,016407,1,1
481130164073,83,625,48,113,016407,3,1
481130190314,84,943,48,113,019031,4,1
481130190312,85,563,48,113,019031,2,1
481130190313,86,584,48,113,019031,3,1
481130190321,87,551,48,113,019032,1,1
481130190322,88,207,48,113,019032,2,1
481130098025,89,894,48,113,009802,5,1
481130011022,90,468,48,113,001102,2,1
481130107032,91,715,48,113,010703,2,1
481130107031,92,703,48,113,010703,1,1
481130011023,93,697,48,113,001102,3,1
481130011021,94,603,48,113,001102,1,1
481130015031,95,698,48,113,001503,1,1
481130015033,96,478,48,113,001503,3,1
481130007023,97,555,48,113,000702,3,1
481130007021,98,945,48,113,000702,1,1
481130007022,99,876,48,113,000702,2,1
481130008002,100,1396,48,113,000800,2,1
481130008004,101,1035,48,113,000800,4,1
481130008005,102,502,48,113,000800,5,1
481130008003,103,672,48,113,000800,3,1
481130008001,104,1270,48,113,000800,1,1
481130166183,105,889,48,113,016618,3,1
481130166181,106,836,48,113,016618,1,1
481130166182,107,780,48,113,016618,2,1
481130170033,108,1907,48,113,017003,3,1
481130170031,109,1154,48,113,017003,1,1
481130170032,110,1377,48,113,017003,2,1
481130170034,111,851,48,113,017003,4,1
481130172023,112,751,48,113,017202,3,1
481130172022,113,895,48,113,017202,2,1
481130172024,114,988,48,113,017202,4,1
481130172021,115,1058,48,113,017202,1,1
481130173033,116,1258,48,113,017303,3,1
481130173032,117,1657,48,113,017303,2,1
481130173031,118,1055,48,113,017303,1,1
481130173061,119,1641,48,113,017306,1,1
481130173062,120,969,48,113,017306,2,1
481130178081,121,393,48,113,017808,1,1
481130178083,122,1451,48,113,017808,3,1
481130178082,123,654,48,113,017808,2,1
481130192046,124,614,48,113,019204,6,1
481130147014,125,708,48,113,014701,4,1
481130147012,126,507,48,113,014701,2,1
481130147011,127,616,48,113,014701,1,1
481130147013,128,723,48,113,014701,3,1
481130143082,129,1468,48,113,014308,2,1
481130143081,130,671,48,113,014308,1,1
481130144063,131,921,48,113,014406,3,1
481130144061,132,992,48,113,014406,1,1
481130144062,133,440,48,113,014406,2,1
481130146011,134,327,48,113,014601,1,1
481130146022,135,384,48,113,014602,2,1
481130146012,136,699,48,113,014601,2,1
481130146021,137,711,48,113,014602,1,1
481130146023,138,920,48,113,014602,3,1
481130147031,139,720,48,113,014703,1,1
481130150005,140,649,48,113,015000,5,1
481130150003,141,858,48,113,015000,3,1
481130150001,142,927,48,113,015000,1,1
481130150004,143,950,48,113,015000,4,1
481130150002,144,341,48,113,015000,2,1
481130151004,145,361,48,113,015100,4,1
481130151002,146,700,48,113,015100,2,1
481130151003,147,484,48,113,015100,3,1
481130151005,148,1297,48,113,015100,5,1
481130072021,149,394,48,113,007202,1,1
481130072022,150,1338,48,113,007202,2,1
481130077001,151,324,48,113,007700,1,1
481130077002,152,708,48,113,007700,2,1
481130077003,153,381,48,113,007700,3,1
481130077004,154,1102,48,113,007700,4,1
481130078043,155,1045,48,113,007804,3,1
481130078042,156,344,48,113,007804,2,1
481130078041,157,1607,48,113,007804,1,1
481130078151,158,216,48,113,007815,1,1
481130078153,159,1372,48,113,007815,3,1
481130078152,160,1023,48,113,007815,2,1
481130079022,161,680,48,113,007902,2,1
481130079025,162,458,48,113,007902,5,1
481130079024,163,405,48,113,007902,4,1
481130079021,164,755,48,113,007902,1,1
481130079023,165,563,48,113,007902,3,1
481130119001,166,1078,48,113,011900,1,1
481130135001,167,625,48,113,013500,1,1
481130131022,168,677,48,113,013102,2,1
481130131021,169,340,48,113,013102,1,1
481130135002,170,714,48,113,013500,2,1
481130136172,171,388,48,113,013617,2,1
481130136171,172,763,48,113,013617,1,1
481130136173,173,564,48,113,013617,3,1
481130137211,174,1180,48,113,013721,1,1
481130137213,175,1394,48,113,013721,3,1
481130139012,176,484,48,113,013901,2,1
481130137212,177,1350,48,113,013721,2,1
481130139011,178,843,48,113,013901,1,1
481130139013,179,605,48,113,013901,3,1
481130140013,180,614,48,113,014001,3,1
481130140012,181,516,48,113,014001,2,1
481130140011,182,601,48,113,014001,1,1
481130140014,183,545,48,113,014001,4,1
481130141142,184,841,48,113,014114,2,1
481130141141,185,1379,48,113,014114,1,1
481130137151,186,627,48,113,013715,1,1
481130137162,187,821,48,113,013716,2,1
481130137161,188,1066,48,113,013716,1,1
481130137163,189,857,48,113,013716,3,1
481130166062,190,761,48,113,016606,2,1
481130166061,191,1550,48,113,016606,1,1
481130166064,192,927,48,113,016606,4,1
481130166063,193,838,48,113,016606,3,1
481130166121,194,1056,48,113,016612,1,1
481130166123,195,1929,48,113,016612,3,1
481130166124,196,2202,48,113,016612,4,1
481130166125,197,911,48,113,016612,5,1
481130166122,198,1306,48,113,016612,2,1
481130166126,199,873,48,113,016612,6,1
481130166171,200,528,48,113,016617,1,1
481130166173,201,1204,48,113,016617,3,1
481130166172,202,609,48,113,016617,2,1
481130165172,203,704,48,113,016517,2,1
481130165173,204,150,48,113,016517,3,1
481130165171,205,1372,48,113,016517,1,1
481130178064,206,371,48,113,017806,4,1
481130178062,207,1302,48,113,017806,2,1
481130178063,208,264,48,113,017806,3,1
481130178061,209,707,48,113,017806,1,1
481130178121,210,672,48,113,017812,1,1
481130178122,211,625,48,113,017812,2,1
481130181051,212,285,48,113,018105,1,1
481130181053,213,1060,48,113,018105,3,1
481130181054,214,581,48,113,018105,4,1
481130181052,215,1103,48,113,018105,2,1
481130118002,216,710,48,113,011800,2,1
481130118004,217,940,48,113,011800,4,1
481130126012,218,836,48,113,012601,2,1
481130126011,219,1514,48,113,012601,1,1
481130190244,220,866,48,113,019024,4,1
481130190241,221,654,48,113,019024,1,1
481130190242,222,507,48,113,019024,2,1
481130190243,223,456,48,113,019024,3,1
481130190323,224,1031,48,113,019032,3,1
481130190371,225,406,48,113,019037,1,1
481130190372,226,1112,48,113,019037,2,1
481130190373,227,517,48,113,019037,3,1
481130192102,228,513,48,113,019210,2,1
481130192104,229,451,48,113,019210,4,1
481130192101,230,560,48,113,019210,1,1
481130192103,231,498,48,113,019210,3,1
481130137171,232,826,48,113,013717,1,1
481130137172,233,631,48,113,013717,2,1
481130141211,234,272,48,113,014121,1,1
481130122101,235,723,48,113,012210,1,1
481130122102,236,1511,48,113,012210,2,1
481130164074,237,745,48,113,016407,4,1
481130166071,238,936,48,113,016607,1,1
481130166072,239,320,48,113,016607,2,1
481130151001,240,642,48,113,015100,1,1
481130002011,241,713,48,113,000201,1,1
481130002013,242,474,48,113,000201,3,1
481130002012,243,729,48,113,000201,2,1
481130012032,244,540,48,113,001203,2,1
481130012031,245,374,48,113,001203,1,1
481130015021,246,538,48,113,001502,1,1
481130015024,247,732,48,113,001502,4,1
481130015022,248,361,48,113,001502,2,1
481130015023,249,309,48,113,001502,3,1
481130022001,250,1206,48,113,002200,1,1
481130022002,251,439,48,113,002200,2,1
481130024001,252,278,48,113,002400,1,1
481130024003,253,482,48,113,002400,3,1
481130024002,254,804,48,113,002400,2,1
481130031011,255,1635,48,113,003101,1,1
481130034002,256,373,48,113,003400,2,1
481130034001,257,235,48,113,003400,1,1
481130039012,258,318,48,113,003901,2,1
481130053005,259,883,48,113,005300,5,1
481130053003,260,402,48,113,005300,3,1
481130053002,261,967,48,113,005300,2,1
481130053004,262,642,48,113,005300,4,1
481130053001,263,665,48,113,005300,1,1
481130181182,264,844,48,113,018118,2,1
481130181183,265,1145,48,113,018118,3,1
481130181181,266,361,48,113,018118,1,1
481130181292,267,1072,48,113,018129,2,1
481130181291,268,1242,48,113,018129,1,1
481130190181,269,1054,48,113,019018,1,1
481130190182,270,790,48,113,019018,2,1
481130019001,271,2308,48,113,001900,1,1
481130043001,272,500,48,113,004300,1,1
481130043002,273,161,48,113,004300,2,1
481130043003,274,411,48,113,004300,3,1
481130060021,275,1508,48,113,006002,1,1
481130060023,276,535,48,113,006002,3,1
481130190332,277,554,48,113,019033,2,1
481130060022,278,585,48,113,006002,2,1
481130190331,279,645,48,113,019033,1,1
481130190333,280,1210,48,113,019033,3,1
481130194001,281,361,48,113,019400,1,1
481130194003,282,1020,48,113,019400,3,1
481130194002,283,576,48,113,019400,2,1
481130158001,284,312,48,113,015800,1,1
481130158002,285,696,48,113,015800,2,1
481130160014,286,400,48,113,016001,4,1
481130160012,287,262,48,113,016001,2,1
481130160011,288,515,48,113,016001,1,1
481130160013,289,688,48,113,016001,3,1
481130162021,290,1077,48,113,016202,1,1
481130162022,291,505,48,113,016202,2,1
481130161002,292,525,48,113,016100,2,1
481130010011,293,637,48,113,001001,1,1
481130010012,294,426,48,113,001001,2,1
481130015043,295,451,48,113,001504,3,1
481130015041,296,545,48,113,001504,1,1
481130015042,297,178,48,113,001504,2,1
481130015044,298,223,48,113,001504,4,1
481130016002,299,834,48,113,001600,2,1
481130016001,300,1990,48,113,001600,1,1
481130017011,301,406,48,113,001701,1,1
481130140021,302,15,48,113,014002,1,1
481130141231,303,1344,48,113,014123,1,1
481130141232,304,767,48,113,014123,2,1
481130141233,305,730,48,113,014123,3,1
481130141234,306,503,48,113,014123,4,1
481130153061,307,521,48,113,015306,1,1
481130153063,308,704,48,113,015306,3,1
481130153062,309,1571,48,113,015306,2,1
481130162013,310,690,48,113,016201,3,1
481130162011,311,1101,48,113,016201,1,1
481130162012,312,364,48,113,016201,2,1
481130164081,313,1462,48,113,016408,1,1
481130164083,314,560,48,113,016408,3,1
481130164082,315,1059,48,113,016408,2,1
481130164084,316,1234,48,113,016408,4,1
481130165102,317,1968,48,113,016510,2,1
481130165101,318,1878,48,113,016510,1,1
481130165163,319,265,48,113,016516,3,1
481130165164,320,775,48,113,016516,4,1
481130165162,321,421,48,113,016516,2,1
481130165165,322,477,48,113,016516,5,1
481130165161,323,645,48,113,016516,1,1
481130166052,324,1922,48,113,016605,2,1
481130181101,325,826,48,113,018110,1,1
481130181103,326,530,48,113,018110,3,1
481130181102,327,1093,48,113,018110,2,1
481130184031,328,624,48,113,018403,1,1
481130190193,329,654,48,113,019019,3,1
481130190191,330,1629,48,113,019019,1,1
481130190192,331,941,48,113,019019,2,1
481130190216,332,749,48,113,019021,6,1
481130190212,333,377,48,113,019021,2,1
481130190214,334,1032,48,113,019021,4,1
481130190215,335,366,48,113,019021,5,1
481130190211,336,669,48,113,019021,1,1
481130190213,337,629,48,113,019021,3,1
481130190271,338,595,48,113,019027,1,1
481130192031,339,540,48,113,019203,1,1
481130192032,340,410,48,113,019203,2,1
481130192034,341,394,48,113,019203,4,1
481130192033,342,585,48,113,019203,3,1
481130192061,343,1490,48,113,019206,1,1
481130192064,344,659,48,113,019206,4,1
481130192062,345,749,48,113,019206,2,1
481130192063,346,291,48,113,019206,3,1
481130192111,347,865,48,113,019211,1,1
481130192112,348,612,48,113,019211,2,1
481130192113,349,513,48,113,019211,3,1
481130042013,350,400,48,113,004201,3,1
481130042015,351,352,48,113,004201,5,1
481130042012,352,496,48,113,004201,2,1
481130042022,353,613,48,113,004202,2,1
481130042021,354,535,48,113,004202,1,1
481130042023,355,240,48,113,004202,3,1
481130048002,356,285,48,113,004800,2,1
481130048001,357,432,48,113,004800,1,1
481130048003,358,176,48,113,004800,3,1
481130048004,359,443,48,113,004800,4,1
481130049003,360,209,48,113,004900,3,1
481130049004,361,133,48,113,004900,4,1
481130049001,362,528,48,113,004900,1,1
481130049002,363,509,48,113,004900,2,1
481130055002,364,727,48,113,005500,2,1
481130055001,365,218,48,113,005500,1,1
481130055003,366,438,48,113,005500,3,1
481130055004,367,434,48,113,005500,4,1
481130059014,368,267,48,113,005901,4,1
481130059015,369,207,48,113,005901,5,1
481130059016,370,324,48,113,005901,6,1
481130059013,371,394,48,113,005901,3,1
481130059012,372,210,48,113,005901,2,1
481130059011,373,508,48,113,005901,1,1
481130060012,374,881,48,113,006001,2,1
481130060011,375,292,48,113,006001,1,1
481130060013,376,689,48,113,006001,3,1
481130063021,377,985,48,113,006302,1,1
481130190131,378,393,48,113,019013,1,1
481130190132,379,806,48,113,019013,2,1
481130190134,380,987,48,113,019013,4,1
481130190133,381,333,48,113,019013,3,1
481130191001,382,698,48,113,019100,1,1
481130191004,383,1030,48,113,019100,4,1
481130191002,384,528,48,113,019100,2,1
481130191005,385,386,48,113,019100,5,1
481130191003,386,971,48,113,019100,3,1
481130096111,387,769,48,113,009611,1,1
481130096112,388,819,48,113,009611,2,1
481130096113,389,533,48,113,009611,3,1
481130190363,390,530,48,113,019036,3,1
481130190361,391,363,48,113,019036,1,1
481130190362,392,782,48,113,019036,2,1
481130168042,393,1144,48,113,016804,2,1
481130168043,394,2090,48,113,016804,3,1
481130168041,395,1660,48,113,016804,1,1
481130182061,396,866,48,113,018206,1,1
481130182062,397,482,48,113,018206,2,1
481130182064,398,231,48,113,018206,4,1
481130182063,399,457,48,113,018206,3,1
481130092015,400,524,48,113,009201,5,1
481130092011,401,1021,48,113,009201,1,1
481130093031,402,579,48,113,009303,1,1
481130093032,403,574,48,113,009303,2,1
481130093033,404,595,48,113,009303,3,1
481130100001,405,1851,48,113,010000,1,1
481130100002,406,920,48,113,010000,2,1
481130101011,407,594,48,113,010101,1,1
481130101012,408,451,48,113,010101,2,1
481130101013,409,1016,48,113,010101,3,1
481130108033,410,660,48,113,010803,3,1
481130108032,411,375,48,113,010803,2,1
481130108035,412,1139,48,113,010803,5,1
481130108036,413,929,48,113,010803,6,1
481130108034,414,325,48,113,010803,4,1
481130108031,415,443,48,113,010803,1,1
481130110022,416,449,48,113,011002,2,1
481130110023,417,268,48,113,011002,3,1
481130110021,418,666,48,113,011002,1,1
481130111013,419,520,48,113,011101,3,1
481130111011,420,812,48,113,011101,1,1
481130111012,421,685,48,113,011101,2,1
481130141241,422,1384,48,113,014124,1,1
481130141242,423,760,48,113,014124,2,1
481130181042,424,2087,48,113,018104,2,1
481130181041,425,2243,48,113,018104,1,1
481130181201,426,1317,48,113,018120,1,1
481130181202,427,1393,48,113,018120,2,1
481130181233,428,895,48,113,018123,3,1
481130181232,429,1753,48,113,018123,2,1
481130181231,430,2424,48,113,018123,1,1
481130181244,431,661,48,113,018124,4,1
481130181241,432,3967,48,113,018124,1,1
481130063022,433,632,48,113,006302,2,1
481130063023,434,838,48,113,006302,3,1
481130068003,435,802,48,113,006800,3,1
481130068001,436,808,48,113,006800,1,1
481130068002,437,1332,48,113,006800,2,1
481130071022,438,530,48,113,007102,2,1
481130071021,439,835,48,113,007102,1,1
481130071025,440,504,48,113,007102,5,1
481130071024,441,870,48,113,007102,4,1
481130071023,442,391,48,113,007102,3,1
481130072013,443,1102,48,113,007201,3,1
481130072014,444,290,48,113,007201,4,1
481130072011,445,1150,48,113,007201,1,1
481130072015,446,1064,48,113,007201,5,1
481130072012,447,628,48,113,007201,2,1
481130078012,448,330,48,113,007801,2,1
481130078011,449,574,48,113,007801,1,1
481130081004,450,813,48,113,008100,4,1
481130081002,451,510,48,113,008100,2,1
481130081001,452,1062,48,113,008100,1,1
481130081003,453,845,48,113,008100,3,1
481130081005,454,534,48,113,008100,5,1
481130085001,455,456,48,113,008500,1,1
481130085002,456,552,48,113,008500,2,1
481130136093,457,475,48,113,013609,3,1
481130136091,458,1151,48,113,013609,1,1
481130136092,459,413,48,113,013609,2,1
481130144051,460,798,48,113,014405,1,1
481130144053,461,505,48,113,014405,3,1
481130012022,462,524,48,113,001202,2,1
481130144052,463,722,48,113,014405,2,1
481130012023,464,326,48,113,001202,3,1
481130012021,465,1733,48,113,001202,1,1
481130190351,466,40,48,113,019035,1,1
481130195012,467,474,48,113,019501,2,1
481130195013,468,776,48,113,019501,3,1
481130195014,469,534,48,113,019501,4,1
481130195015,470,243,48,113,019501,5,1
481130195011,471,892,48,113,019501,1,1
481130190046,472,739,48,113,019004,6,1
481130190041,473,508,48,113,019004,1,1
481130190045,474,1017,48,113,019004,5,1
481130190042,475,670,48,113,019004,2,1
481130190043,476,452,48,113,019004,3,1
481130190044,477,528,48,113,019004,4,1
481130192052,478,418,48,113,019205,2,1
481130111052,479,485,48,113,011105,2,1
481130111053,480,388,48,113,011105,3,1
481130111051,481,593,48,113,011105,1,1
481130116012,482,599,48,113,011601,2,1
481130116013,483,211,48,113,011601,3,1
481130116011,484,725,48,113,011601,1,1
481130122081,485,861,48,113,012208,1,1
481130122111,486,486,48,113,012211,1,1
481130122112,487,620,48,113,012211,2,1
481130122113,488,997,48,113,012211,3,1
481130124004,489,760,48,113,012400,4,1
481130124005,490,282,48,113,012400,5,1
481130124001,491,1133,48,113,012400,1,1
481130124006,492,430,48,113,012400,6,1
481130124003,493,265,48,113,012400,3,1
481130124002,494,418,48,113,012400,2,1
481130129001,495,1016,48,113,012900,1,1
481130129003,496,469,48,113,012900,3,1
481130129002,497,378,48,113,012900,2,1
481130129005,498,530,48,113,012900,5,1
481130129004,499,595,48,113,012900,4,1
481130128002,500,885,48,113,012800,2,1
481130128006,501,611,48,113,012800,6,1
481130128005,502,461,48,113,012800,5,1
481130128003,503,881,48,113,012800,3,1
481130128001,504,825,48,113,012800,1,1
481130128004,505,373,48,113,012800,4,1
481130137251,506,1392,48,113,013725,1,1
481130137252,507,269,48,113,013725,2,1
481130138042,508,663,48,113,013804,2,1
481130138043,509,853,48,113,013804,3,1
481130138041,510,341,48,113,013804,1,1
481130141162,511,757,48,113,014116,2,1
481130141164,512,151,48,113,014116,4,1
481130141161,513,933,48,113,014116,1,1
481130141163,514,571,48,113,014116,3,1
481130182042,515,1370,48,113,018204,2,1
481130182041,516,773,48,113,018204,1,1
481130184023,517,1173,48,113,018402,3,1
481130184021,518,883,48,113,018402,1,1
481130184022,519,325,48,113,018402,2,1
481130190141,520,1311,48,113,019014,1,1
481130062003,521,778,48,113,006200,3,1
481130062001,522,373,48,113,006200,1,1
481130062005,523,443,48,113,006200,5,1
481130062004,524,1154,48,113,006200,4,1
481130190251,525,632,48,113,019025,1,1
481130190252,526,768,48,113,019025,2,1
481130190341,527,1155,48,113,019034,1,1
481130190342,528,1804,48,113,019034,2,1
481130192025,529,897,48,113,019202,5,1
481130192024,530,321,48,113,019202,4,1
481130192021,531,376,48,113,019202,1,1
481130192022,532,532,48,113,019202,2,1
481130192023,533,619,48,113,019202,3,1
481130130091,534,526,48,113,013009,1,1
481130130092,535,835,48,113,013009,2,1
481130130093,536,1096,48,113,013009,3,1
481130132004,537,563,48,113,013200,4,1
481130132001,538,951,48,113,013200,1,1
481130132003,539,755,48,113,013200,3,1
481130132002,540,1455,48,113,013200,2,1
481130136061,541,1521,48,113,013606,1,1
481130136063,542,1298,48,113,013606,3,1
481130136062,543,589,48,113,013606,2,1
481130136082,544,569,48,113,013608,2,1
481130136081,545,550,48,113,013608,1,1
481130136161,546,1960,48,113,013616,1,1
481130136162,547,2320,48,113,013616,2,1
481130136191,548,1531,48,113,013619,1,1
481130136192,549,668,48,113,013619,2,1
481130136193,550,791,48,113,013619,3,1
481130137141,551,870,48,113,013714,1,1
481130137144,552,830,48,113,013714,4,1
481130137142,553,822,48,113,013714,2,1
481130141165,554,696,48,113,014116,5,1
481130141203,555,874,48,113,014120,3,1
481130141202,556,768,48,113,014120,2,1
481130141201,557,1158,48,113,014120,1,1
481130143074,558,640,48,113,014307,4,1
481130143072,559,542,48,113,014307,2,1
481130143073,560,418,48,113,014307,3,1
481130143075,561,459,48,113,014307,5,1
481130143071,562,469,48,113,014307,1,1
481130144071,563,1454,48,113,014407,1,1
481130144073,564,935,48,113,014407,3,1
481130144072,565,666,48,113,014407,2,1
481130149011,566,685,48,113,014901,1,1
481130153042,567,1707,48,113,015304,2,1
481130153041,568,237,48,113,015304,1,1
481130164061,569,984,48,113,016406,1,1
481130164063,570,588,48,113,016406,3,1
481130164062,571,655,48,113,016406,2,1
481130164064,572,473,48,113,016406,4,1
481130165095,573,636,48,113,016509,5,1
481130165094,574,295,48,113,016509,4,1
481130165093,575,446,48,113,016509,3,1
481130021001,576,537,48,113,002100,1,1
481130041002,577,240,48,113,004100,2,1
481130196001,578,580,48,113,019600,1,1
481130196002,579,409,48,113,019600,2,1
481130198001,580,893,48,113,019800,1,1
481130198004,581,379,48,113,019800,4,1
481130198002,582,419,48,113,019800,2,1
481130198003,583,663,48,113,019800,3,1
481130002021,584,655,48,113,000202,1,1
481130002022,585,755,48,113,000202,2,1
481130094011,586,959,48,113,009401,1,1
481130094013,587,434,48,113,009401,3,1
481130094012,588,666,48,113,009401,2,1
481130122043,589,750,48,113,012204,3,1
481130122042,590,206,48,113,012204,2,1
481130122045,591,1228,48,113,012204,5,1
481130122044,592,1226,48,113,012204,4,1
481130122041,593,362,48,113,012204,1,1
481130137131,594,515,48,113,013713,1,1
481130170015,595,1049,48,113,017001,5,1
481130170012,596,320,48,113,017001,2,1
481130170013,597,949,48,113,017001,3,1
481130170011,598,165,48,113,017001,1,1
481130170014,599,955,48,113,017001,4,1
481130177033,600,278,48,113,017703,3,1
481130177031,601,655,48,113,017703,1,1
481130177032,602,496,48,113,017703,2,1
481130177034,603,902,48,113,017703,4,1
481130078101,604,0,48,113,007810,1,1
481130078102,605,643,48,113,007810,2,1
481130078103,606,743,48,113,007810,3,1
481130078104,607,1082,48,113,007810,4,1
481130173043,608,1869,48,113,017304,3,1
481130173041,609,499,48,113,017304,1,1
481130173042,610,1993,48,113,017304,2,1
481130173051,611,1555,48,113,017305,1,1
481130173052,612,3967,48,113,017305,2,1
481130176041,613,551,48,113,017604,1,1
481130176042,614,966,48,113,017604,2,1
481130181114,615,1466,48,113,018111,4,1
481130181113,616,947,48,113,018111,3,1
481130181112,617,414,48,113,018111,2,1
481130181111,618,717,48,113,018111,1,1
481130181302,619,1490,48,113,018130,2,1
481130181301,620,823,48,113,018130,1,1
481130183002,621,166,48,113,018300,2,1
481130110015,622,251,48,113,011001,5,1
481130110011,623,445,48,113,011001,1,1
481130110014,624,649,48,113,011001,4,1
481130110012,625,565,48,113,011001,2,1
481130110013,626,669,48,113,011001,3,1
481130110016,627,503,48,113,011001,6,1
481130122062,628,540,48,113,012206,2,1
481130122063,629,684,48,113,012206,3,1
481130122061,630,1235,48,113,012206,1,1
481130125003,631,1143,48,113,012500,3,1
481130125005,632,870,48,113,012500,5,1
481130125004,633,462,48,113,012500,4,1
481130125002,634,551,48,113,012500,2,1
481130125001,635,1115,48,113,012500,1,1
481130130071,636,1131,48,113,013007,1,1
481130130072,637,454,48,113,013007,2,1
481130130073,638,438,48,113,013007,3,1
481130136052,639,535,48,113,013605,2,1
481130162023,640,844,48,113,016202,3,1
481130162024,641,961,48,113,016202,4,1
481130163022,642,527,48,113,016302,2,1
481130163021,643,474,48,113,016302,1,1
481130164013,644,583,48,113,016401,3,1
481130164011,645,3899,48,113,016401,1,1
481130164012,646,1368,48,113,016401,2,1
481130164113,647,743,48,113,016411,3,1
481130164114,648,737,48,113,016411,4,1
481130164112,649,1813,48,113,016411,2,1
481130164111,650,1237,48,113,016411,1,1
481130165142,651,766,48,113,016514,2,1
481130165141,652,685,48,113,016514,1,1
481130166111,653,2573,48,113,016611,1,1
481130166113,654,351,48,113,016611,3,1
481130090005,655,1158,48,113,009000,5,1
481130096033,656,1246,48,113,009603,3,1
481130096031,657,523,48,113,009603,1,1
481130097021,658,595,48,113,009702,1,1
481130097022,659,1244,48,113,009702,2,1
481130152021,660,816,48,113,015202,1,1
481130144032,661,444,48,113,014403,2,1
481130144031,662,812,48,113,014403,1,1
481130152022,663,1104,48,113,015202,2,1
481130153031,664,798,48,113,015303,1,1
481130153032,665,190,48,113,015303,2,1
481130154032,666,449,48,113,015403,2,1
481130154031,667,316,48,113,015403,1,1
481130154033,668,970,48,113,015403,3,1
481130004012,669,993,48,113,000401,2,1
481130004011,670,1219,48,113,000401,1,1
481130004013,671,712,48,113,000401,3,1
481130005002,672,1307,48,113,000500,2,1
481130005001,673,685,48,113,000500,1,1
481130005004,674,870,48,113,000500,4,1
481130080002,675,541,48,113,008000,2,1
481130080006,676,651,48,113,008000,6,1
481130080003,677,570,48,113,008000,3,1
481130080001,678,729,48,113,008000,1,1
481130080005,679,390,48,113,008000,5,1
481130080004,680,426,48,113,008000,4,1
481130084002,681,534,48,113,008400,2,1
481130084001,682,440,48,113,008400,1,1
481130084005,683,396,48,113,008400,5,1
481130084006,684,647,48,113,008400,6,1
481130084004,685,688,48,113,008400,4,1
481130084007,686,334,48,113,008400,7,1
481130084003,687,550,48,113,008400,3,1
481130087014,688,315,48,113,008701,4,1
481130087011,689,376,48,113,008701,1,1
481130087012,690,356,48,113,008701,2,1
481130087015,691,548,48,113,008701,5,1
481130087013,692,113,48,113,008701,3,1
481130087032,693,543,48,113,008703,2,1
481130087031,694,480,48,113,008703,1,1
481130090002,695,861,48,113,009000,2,1
481130090003,696,429,48,113,009000,3,1
481130090004,697,448,48,113,009000,4,1
481130090001,698,554,48,113,009000,1,1
481130091042,699,1013,48,113,009104,2,1
481130091041,700,724,48,113,009104,1,1
481130093013,701,858,48,113,009301,3,1
481130093012,702,497,48,113,009301,2,1
481130093011,703,904,48,113,009301,1,1
481130096094,704,469,48,113,009609,4,1
481130096093,705,479,48,113,009609,3,1
481130096092,706,395,48,113,009609,2,1
481130096091,707,329,48,113,009609,1,1
481130098042,708,485,48,113,009804,2,1
481130098041,709,1386,48,113,009804,1,1
481130098043,710,1318,48,113,009804,3,1
481130101022,711,728,48,113,010102,2,1
481130101023,712,449,48,113,010102,3,1
481130101021,713,146,48,113,010102,1,1
481130107041,714,1575,48,113,010704,1,1
481130117021,715,585,48,113,011702,1,1
481130111031,716,379,48,113,011103,1,1
481130111033,717,712,48,113,011103,3,1
481130111032,718,560,48,113,011103,2,1
481130117022,719,1187,48,113,011702,2,1
481130117023,720,573,48,113,011702,3,1
481130121001,721,703,48,113,012100,1,1
481130123022,722,1436,48,113,012302,2,1
481130145012,723,682,48,113,014501,2,1
481130145013,724,522,48,113,014501,3,1
481130153052,725,1230,48,113,015305,2,1
481130153051,726,571,48,113,015305,1,1
481130153053,727,736,48,113,015305,3,1
481130154011,728,1016,48,113,015401,1,1
481130136054,729,868,48,113,013605,4,1
481130136051,730,727,48,113,013605,1,1
481130136053,731,802,48,113,013605,3,1
481130137112,732,1344,48,113,013711,2,1
481130137111,733,483,48,113,013711,1,1
481130137122,734,557,48,113,013712,2,1
481130137121,735,820,48,113,013712,1,1
481130187005,736,927,48,113,018700,5,1
481130187002,737,319,48,113,018700,2,1
481130188021,738,319,48,113,018802,1,1
481130190282,739,605,48,113,019028,2,1
481130190283,740,447,48,113,019028,3,1
481130190281,741,927,48,113,019028,1,1
481130181321,742,1587,48,113,018132,1,1
481130181323,743,971,48,113,018132,3,1
481130181322,744,458,48,113,018132,2,1
481130185013,745,693,48,113,018501,3,1
481130185011,746,947,48,113,018501,1,1
481130185012,747,368,48,113,018501,2,1
481130188013,748,392,48,113,018801,3,1
481130188014,749,492,48,113,018801,4,1
481130188011,750,564,48,113,018801,1,1
481130188012,751,1047,48,113,018801,2,1
481130190265,752,392,48,113,019026,5,1
481130190263,753,626,48,113,019026,3,1
481130190264,754,602,48,113,019026,4,1
481130190261,755,899,48,113,019026,1,1
481130190262,756,335,48,113,019026,2,1
481130098031,757,722,48,113,009803,1,1
481130098032,758,169,48,113,009803,2,1
481130098033,759,272,48,113,009803,3,1
481130107011,760,2087,48,113,010701,1,1
481130107012,761,347,48,113,010701,2,1
481130116023,762,1045,48,113,011602,3,1
481130116021,763,550,48,113,011602,1,1
481130116022,764,800,48,113,011602,2,1
481130116024,765,538,48,113,011602,4,1
481130136071,766,631,48,113,013607,1,1
481130136073,767,307,48,113,013607,3,1
481130136072,768,400,48,113,013607,2,1
481130136074,769,533,48,113,013607,4,1
481130118003,770,792,48,113,011800,3,1
481130118001,771,631,48,113,011800,1,1
481130063013,772,222,48,113,006301,3,1
481130063015,773,267,48,113,006301,5,1
481130063014,774,603,48,113,006301,4,1
481130063011,775,940,48,113,006301,1,1
481130063012,776,359,48,113,006301,2,1
481130063016,777,542,48,113,006301,6,1
481130065012,778,1132,48,113,006501,2,1
481130065011,779,1118,48,113,006501,1,1
481130073011,780,494,48,113,007301,1,1
481130073012,781,431,48,113,007301,2,1
481130073022,782,459,48,113,007302,2,1
481130073021,783,495,48,113,007302,1,1
481130073023,784,773,48,113,007302,3,1
481130073024,785,909,48,113,007302,4,1
481130076043,786,565,48,113,007604,3,1
481130076041,787,541,48,113,007604,1,1
481130076042,788,400,48,113,007604,2,1
481130076052,789,587,48,113,007605,2,1
481130076051,790,290,48,113,007605,1,1
481130078111,791,1028,48,113,007811,1,1
481130078112,792,895,48,113,007811,2,1
481130079061,793,456,48,113,007906,1,1
481130079062,794,738,48,113,007906,2,1
481130169022,795,590,48,113,016902,2,1
481130169023,796,363,48,113,016902,3,1
481130169021,797,788,48,113,016902,1,1
481130192082,798,963,48,113,019208,2,1
481130192083,799,1276,48,113,019208,3,1
481130192081,800,1327,48,113,019208,1,1
481130195022,801,628,48,113,019502,2,1
481130195021,802,173,48,113,019502,1,1
481130195023,803,871,48,113,019502,3,1
481130195024,804,418,48,113,019502,4,1
481130197002,805,405,48,113,019700,2,1
481130197001,806,371,48,113,019700,1,1
481130178072,807,872,48,113,017807,2,1
481130178074,808,789,48,113,017807,4,1
481130178071,809,638,48,113,017807,1,1
481130178073,810,735,48,113,017807,3,1
481130178075,811,562,48,113,017807,5,1
481130181221,812,4264,48,113,018122,1,1
481130015032,813,659,48,113,001503,2,1
481130018001,814,999,48,113,001800,1,1
481130018002,815,3490,48,113,001800,2,1
481130037003,816,260,48,113,003700,3,1
481130037004,817,104,48,113,003700,4,1
481130037001,818,439,48,113,003700,1,1
481130037002,819,410,48,113,003700,2,1
481130038003,820,284,48,113,003800,3,1
481130038002,821,461,48,113,003800,2,1
481130038001,822,251,48,113,003800,1,1
481130045004,823,958,48,113,004500,4,1
481130045001,824,230,48,113,004500,1,1
481130045003,825,989,48,113,004500,3,1
481130045002,826,891,48,113,004500,2,1
481130166051,827,1133,48,113,016605,1,1
481130166203,828,820,48,113,016620,3,1
481130166201,829,393,48,113,016620,1,1
481130166202,830,1443,48,113,016620,2,1
481130167053,831,757,48,113,016705,3,1
481130167051,832,1438,48,113,016705,1,1
481130167052,833,1422,48,113,016705,2,1
481130168033,834,1359,48,113,016803,3,1
481130168032,835,677,48,113,016803,2,1
481130168031,836,542,48,113,016803,1,1
481130169031,837,347,48,113,016903,1,1
481130169034,838,691,48,113,016903,4,1
481130169032,839,548,48,113,016903,2,1
481130169033,840,698,48,113,016903,3,1
481130169035,841,299,48,113,016903,5,1
481130177023,842,619,48,113,017702,3,1
481130177021,843,1627,48,113,017702,1,1
481130177022,844,1029,48,113,017702,2,1
481130177044,845,444,48,113,017704,4,1
481130177041,846,1359,48,113,017704,1,1
481130177042,847,430,48,113,017704,2,1
481130177043,848,510,48,113,017704,3,1
481130180013,849,748,48,113,018001,3,1
481130180011,850,515,48,113,018001,1,1
481130180012,851,515,48,113,018001,2,1
481130180014,852,430,48,113,018001,4,1
481130180015,853,778,48,113,018001,5,1
481130192114,854,807,48,113,019211,4,1
481130199002,855,387,48,113,019900,2,1
481130199001,856,681,48,113,019900,1,1
481130199003,857,490,48,113,019900,3,1
481130199004,858,500,48,113,019900,4,1
481130001001,859,1129,48,113,000100,1,1
481130001002,860,848,48,113,000100,2,1
481130001003,861,535,48,113,000100,3,1
481130004052,862,730,48,113,000405,2,1
481130004051,863,773,48,113,000405,1,1
481130006013,864,930,48,113,000601,3,1
481130006014,865,873,48,113,000601,4,1
481130006011,866,478,48,113,000601,1,1
481130006015,867,1159,48,113,000601,5,1
481130006012,868,714,48,113,000601,2,1
481130027011,869,270,48,113,002701,1,1
481130007011,870,1815,48,113,000701,1,1
481130007012,871,2352,48,113,000701,2,1
481130027012,872,544,48,113,002701,2,1
481130027014,873,193,48,113,002701,4,1
481130027013,874,299,48,113,002701,3,1
481130040001,875,302,48,113,004000,1,1
481130040002,876,162,48,113,004000,2,1
481130154013,877,340,48,113,015401,3,1
481130154015,878,392,48,113,015401,5,1
481130154012,879,414,48,113,015401,2,1
481130154014,880,398,48,113,015401,4,1
481130154016,881,1582,48,113,015401,6,1
481130155001,882,581,48,113,015500,1,1
481130155002,883,388,48,113,015500,2,1
481130155003,884,649,48,113,015500,3,1
481130157002,885,643,48,113,015700,2,1
481130157001,886,708,48,113,015700,1,1
481130165112,887,1184,48,113,016511,2,1
481130165111,888,1111,48,113,016511,1,1
481130165133,889,1407,48,113,016513,3,1
481130165131,890,558,48,113,016513,1,1
481130165132,891,607,48,113,016513,2,1
481130166102,892,492,48,113,016610,2,1
481130166103,893,832,48,113,016610,3,1
481130166104,894,786,48,113,016610,4,1
481130166101,895,453,48,113,016610,1,1
481130181243,896,3579,48,113,018124,3,1
481130181242,897,1737,48,113,018124,2,1
481130137182,898,945,48,113,013718,2,1
481130137183,899,1071,48,113,013718,3,1
481130137181,900,717,48,113,013718,1,1
481130137201,901,1521,48,113,013720,1,1
481130091012,902,579,48,113,009101,2,1
481130091014,903,787,48,113,009101,4,1
481130091011,904,339,48,113,009101,1,1
481130091013,905,548,48,113,009101,3,1
481130097012,906,709,48,113,009701,2,1
481130097013,907,961,48,113,009701,3,1
481130097011,908,1199,48,113,009701,1,1
481130108011,909,853,48,113,010801,1,1
481130108012,910,542,48,113,010801,2,1
481130108013,911,1890,48,113,010801,3,1
481130108014,912,734,48,113,010801,4,1
481130111043,913,465,48,113,011104,3,1
481130111041,914,540,48,113,011104,1,1
481130111044,915,199,48,113,011104,4,1
481130111042,916,224,48,113,011104,2,1
481130120001,917,393,48,113,012000,1,1
481130120003,918,977,48,113,012000,3,1
481130120002,919,615,48,113,012000,2,1
481130122072,920,1331,48,113,012207,2,1
481130122071,921,525,48,113,012207,1,1
481130122073,922,1433,48,113,012207,3,1
481130123013,923,546,48,113,012301,3,1
481130123011,924,1209,48,113,012301,1,1
481130123012,925,486,48,113,012301,2,1
481130050002,926,500,48,113,005000,2,1
481130050001,927,477,48,113,005000,1,1
481130050003,928,868,48,113,005000,3,1
481130069002,929,638,48,113,006900,2,1
481130069001,930,324,48,113,006900,1,1
481130069003,931,698,48,113,006900,3,1
481130072023,932,880,48,113,007202,3,1
481130087043,933,355,48,113,008704,3,1
481130087042,934,563,48,113,008704,2,1
481130087041,935,632,48,113,008704,1,1
481130093041,936,433,48,113,009304,1,1
481130093042,937,390,48,113,009304,2,1
481130093044,938,720,48,113,009304,4,1
481130093043,939,290,48,113,009304,3,1
481130095001,940,625,48,113,009500,1,1
481130095002,941,687,48,113,009500,2,1
481130112003,942,583,48,113,011200,3,1
481130112002,943,720,48,113,011200,2,1
481130112001,944,1515,48,113,011200,1,1
481130115004,945,395,48,113,011500,4,1
481130115003,946,191,48,113,011500,3,1
481130115002,947,698,48,113,011500,2,1
481130115001,948,266,48,113,011500,1,1
481130117011,949,551,48,113,011701,1,1
481130117014,950,1101,48,113,011701,4,1
481130117012,951,810,48,113,011701,2,1
481130117013,952,275,48,113,011701,3,1
481130119004,953,504,48,113,011900,4,1
481130119003,954,668,48,113,011900,3,1
481130119002,955,549,48,113,011900,2,1
481130181222,956,1407,48,113,018122,2,1
481130181223,957,3155,48,113,018122,3,1
481130152062,958,741,48,113,015206,2,1
481130152063,959,463,48,113,015206,3,1
481130152061,960,1122,48,113,015206,1,1
481130142042,961,624,48,113,014204,2,1
481130142041,962,758,48,113,014204,1,1
481130143102,963,964,48,113,014310,2,1
481130143103,964,721,48,113,014310,3,1
481130143101,965,779,48,113,014310,1,1
481130146031,966,909,48,113,014603,1,1
481130160021,967,661,48,113,016002,1,1
481130180021,968,693,48,113,018002,1,1
481130180022,969,816,48,113,018002,2,1
481130181272,970,556,48,113,018127,2,1
481130181271,971,1081,48,113,018127,1,1
481130185032,972,1388,48,113,018503,2,1
481130185031,973,1132,48,113,018503,1,1
481130182032,974,848,48,113,018203,2,1
481130182033,975,1371,48,113,018203,3,1
481130182031,976,849,48,113,018203,1,1
481130182051,977,1075,48,113,018205,1,1
481130182052,978,1468,48,113,018205,2,1
481130186002,979,237,48,113,018600,2,1
481130186001,980,938,48,113,018600,1,1
481130186003,981,609,48,113,018600,3,1
481130189003,982,581,48,113,018900,3,1
481130189004,983,381,48,113,018900,4,1
481130189001,984,800,48,113,018900,1,1
481130189002,985,1306,48,113,018900,2,1
481130190232,986,690,48,113,019023,2,1
481130190231,987,1214,48,113,019023,1,1
481130190233,988,504,48,113,019023,3,1
481130190234,989,608,48,113,019023,4,1
481130057003,990,271,48,113,005700,3,1
481130057001,991,461,48,113,005700,1,1
481130057002,992,492,48,113,005700,2,1
481130057004,993,350,48,113,005700,4,1
481130065021,994,578,48,113,006502,1,1
481130065022,995,876,48,113,006502,2,1
481130065023,996,562,48,113,006502,3,1
481130067003,997,739,48,113,006700,3,1
481130067001,998,774,48,113,006700,1,1
481130067004,999,677,48,113,006700,4,1
481130067002,1000,1328,48,113,006700,2,1
481130078091,1001,383,48,113,007809,1,1
481130078092,1002,884,48,113,007809,2,1
481130078181,1003,917,48,113,007818,1,1
481130137202,1004,829,48,113,013720,2,1
481130137203,1005,889,48,113,013720,3,1
481130138034,1006,666,48,113,013803,4,1
481130138036,1007,601,48,113,013803,6,1
481130138031,1008,596,48,113,013803,1,1
481130138032,1009,684,48,113,013803,2,1
481130138033,1010,308,48,113,013803,3,1
481130138035,1011,640,48,113,013803,5,1
481130141031,1012,469,48,113,014103,1,1
481130141032,1013,1475,48,113,014103,2,1
481130141155,1014,542,48,113,014115,5,1
481130141156,1015,610,48,113,014115,6,1
481130141154,1016,580,48,113,014115,4,1
481130141151,1017,865,48,113,014115,1,1
481130141152,1018,631,48,113,014115,2,1
481130141153,1019,889,48,113,014115,3,1
481130141261,1020,1812,48,113,014126,1,1
481130141262,1021,1384,48,113,014126,2,1
481130141263,1022,760,48,113,014126,3,1
481130143061,1023,904,48,113,014306,1,1
481130143064,1024,490,48,113,014306,4,1
481130143063,1025,613,48,113,014306,3,1
481130143062,1026,835,48,113,014306,2,1
481130145011,1027,439,48,113,014501,1,1
481130127014,1028,900,48,113,012701,4,1
481130127011,1029,694,48,113,012701,1,1
481130127013,1030,763,48,113,012701,3,1
481130127012,1031,332,48,113,012701,2,1
481130136181,1032,787,48,113,013618,1,1
481130136182,1033,472,48,113,013618,2,1
481130096052,1034,816,48,113,009605,2,1
481130096051,1035,1159,48,113,009605,1,1
481130078121,1036,972,48,113,007812,1,1
481130078122,1037,735,48,113,007812,2,1
481130082001,1038,429,48,113,008200,1,1
481130085004,1039,572,48,113,008500,4,1
481130085003,1040,598,48,113,008500,3,1
481130086032,1041,161,48,113,008603,2,1
481130086031,1042,209,48,113,008603,1,1
481130086041,1043,495,48,113,008604,1,1
481130086042,1044,350,48,113,008604,2,1
481130088011,1045,416,48,113,008801,1,1
481130088013,1046,328,48,113,008801,3,1
481130088012,1047,528,48,113,008801,2,1
481130092021,1048,1036,48,113,009202,1,1
481130092022,1049,580,48,113,009202,2,1
481130092023,1050,1007,48,113,009202,3,1
481130096041,1051,893,48,113,009604,1,1
481130096044,1052,615,48,113,009604,4,1
481130096042,1053,444,48,113,009604,2,1
481130096043,1054,753,48,113,009604,3,1
481130096072,1055,657,48,113,009607,2,1
481130096071,1056,759,48,113,009607,1,1
481130096073,1057,652,48,113,009607,3,1
481130096082,1058,408,48,113,009608,2,1
481130096083,1059,1019,48,113,009608,3,1
481130096081,1060,466,48,113,009608,1,1
481130192051,1061,1035,48,113,019205,1,1
481130192053,1062,465,48,113,019205,3,1
481130061002,1063,997,48,113,006100,2,1
481130061001,1064,890,48,113,006100,1,1
481130078191,1065,1264,48,113,007819,1,1
481130079031,1066,824,48,113,007903,1,1
481130079032,1067,514,48,113,007903,2,1
481130190393,1068,424,48,113,019039,3,1
481130131042,1069,461,48,113,013104,2,1
481130131041,1070,148,48,113,013104,1,1
481130131052,1071,1736,48,113,013105,2,1
481130131054,1072,1011,48,113,013105,4,1
481130131053,1073,1241,48,113,013105,3,1
481130098044,1074,1000,48,113,009804,4,1
481130131051,1075,908,48,113,013105,1,1
481130064011,1076,670,48,113,006401,1,1
481130064012,1077,647,48,113,006401,2,1
481130141301,1078,898,48,113,014130,1,1
481130141302,1079,1051,48,113,014130,2,1
481130141303,1080,820,48,113,014130,3,1
481130141382,1081,1102,48,113,014138,2,1
481130141383,1082,420,48,113,014138,3,1
481130141381,1083,1087,48,113,014138,1,1
481130142064,1084,2117,48,113,014206,4,1
481130141361,1085,1597,48,113,014136,1,1
481130119006,1086,461,48,113,011900,6,1
481130119005,1087,765,48,113,011900,5,1
481130118005,1088,668,48,113,011800,5,1
481130181351,1089,994,48,113,018135,1,1
481130181352,1090,1266,48,113,018135,2,1
481130166222,1091,651,48,113,016622,2,1
481130166221,1092,1345,48,113,016622,1,1
481130166242,1093,835,48,113,016624,2,1
481130166241,1094,706,48,113,016624,1,1
481130126041,1095,1703,48,113,012604,1,1
481130176052,1096,644,48,113,017605,2,1
481130176051,1097,975,48,113,017605,1,1
481130176063,1098,1068,48,113,017606,3,1
481130136252,1099,1691,48,113,013625,2,1
481130107042,1100,958,48,113,010704,2,1
481130137262,1101,1563,48,113,013726,2,1
481130137261,1102,508,48,113,013726,1,1
481130192132,1103,1246,48,113,019213,2,1
481130192131,1104,335,48,113,019213,1,1
481130190382,1105,185,48,113,019038,2,1
481130190381,1106,643,48,113,019038,1,1
481130190394,1107,1031,48,113,019039,4,1
481130190392,1108,489,48,113,019039,2,1
481130190391,1109,743,48,113,019039,1,1
481130190395,1110,144,48,113,019039,5,1
481130190396,1111,375,48,113,019039,6,1
481130164014,1112,184,48,113,016401,4,1
481130182034,1113,403,48,113,018203,4,1
481130006061,1114,846,48,113,000606,1,1
481130079141,1115,1259,48,113,007914,1,1
481130142062,1116,922,48,113,014206,2,1
481130079142,1117,426,48,113,007914,2,1
481130142063,1118,667,48,113,014206,3,1
481130142061,1119,1191,48,113,014206,1,1
481130165202,1120,2005,48,113,016520,2,1
481130165201,1121,782,48,113,016520,1,1
481130192123,1122,718,48,113,019212,3,1
481130192122,1123,674,48,113,019212,2,1
481130192121,1124,816,48,113,019212,1,1
481130185062,1125,763,48,113,018506,2,1
481130137152,1126,768,48,113,013715,2,1
481130190404,1127,465,48,113,019040,4,1
481130190401,1128,827,48,113,019040,1,1
481130190411,1129,836,48,113,019041,1,1
481130190412,1130,443,48,113,019041,2,1
481130190413,1131,378,48,113,019041,3,1
481130137253,1132,948,48,113,013725,3,1
481130190273,1133,1267,48,113,019027,3,1
481130190272,1134,1348,48,113,019027,2,1
481130078044,1135,1203,48,113,007804,4,1
481130166152,1136,1593,48,113,016615,2,1
481130166162,1137,2139,48,113,016616,2,1
481130165203,1138,1237,48,113,016520,3,1
481130108053,1139,1154,48,113,010805,3,1
481130108051,1140,1083,48,113,010805,1,1
481130108052,1141,472,48,113,010805,2,1
481130108042,1142,1025,48,113,010804,2,1
481130108041,1143,1271,48,113,010804,1,1
481130064021,1144,918,48,113,006402,1,1
481130017032,1145,1237,48,113,001703,2,1
481130017033,1146,1145,48,113,001703,3,1
481130126031,1147,539,48,113,012603,1,1
481130017031,1148,792,48,113,001703,1,1
481130109032,1149,844,48,113,010903,2,1
481130109031,1150,991,48,113,010903,1,1
481130126032,1151,571,48,113,012603,2,1
481130173044,1152,1167,48,113,017304,4,1
481130181411,1153,929,48,113,018141,1,1
481130181413,1154,790,48,113,018141,3,1
481130181412,1155,492,48,113,018141,2,1
481130181422,1156,977,48,113,018142,2,1
481130181421,1157,761,48,113,018142,1,1
481130079131,1158,1019,48,113,007913,1,1
481130079132,1159,767,48,113,007913,2,1
481130079133,1160,352,48,113,007913,3,1
481130166232,1161,1067,48,113,016623,2,1
481130166231,1162,2162,48,113,016623,1,1
481130166212,1163,785,48,113,016621,2,1
481130166211,1164,914,48,113,016621,1,1
481130166263,1165,696,48,113,016626,3,1
481130166213,1166,1104,48,113,016621,3,1
481130166261,1167,1202,48,113,016626,1,1
481130166262,1168,941,48,113,016626,2,1
481130166251,1169,2238,48,113,016625,1,1
481130166253,1170,1376,48,113,016625,3,1
481130019002,1171,2719,48,113,001900,2,1
481130205001,1172,115,48,113,020500,1,1
481130205002,1173,1624,48,113,020500,2,1
481130203003,1174,261,48,113,020300,3,1
481130203001,1175,144,48,113,020300,1,1
481130203002,1176,533,48,113,020300,2,1
481130204002,1177,1478,48,113,020400,2,1
481130204003,1178,2398,48,113,020400,3,1
481130204001,1179,1399,48,113,020400,1,1
481130064024,1180,453,48,113,006402,4,1
481130064023,1181,285,48,113,006402,3,1
481130064022,1182,936,48,113,006402,2,1
481130136241,1183,893,48,113,013624,1,1
481130136203,1184,1346,48,113,013620,3,1
481130136202,1185,569,48,113,013620,2,1
481130136201,1186,842,48,113,013620,1,1
481130136242,1187,684,48,113,013624,2,1
481130136243,1188,1186,48,113,013624,3,1
481130144083,1189,1065,48,113,014408,3,1
481130181402,1190,1411,48,113,018140,2,1
481130181342,1191,664,48,113,018134,2,1
481130181343,1192,940,48,113,018134,3,1
481130144033,1193,1406,48,113,014403,3,1
481130166252,1194,1987,48,113,016625,2,1
481130096103,1195,787,48,113,009610,3,1
481130143122,1196,833,48,113,014312,2,1
481130143124,1197,650,48,113,014312,4,1
481130143123,1198,515,48,113,014312,3,1
481130143121,1199,1109,48,113,014312,1,1
481130142052,1200,407,48,113,014205,2,1
481130142051,1201,406,48,113,014205,1,1
481130137271,1202,1398,48,113,013727,1,1
481130137272,1203,889,48,113,013727,2,1
481130138051,1204,208,48,113,013805,1,1
481130138053,1205,1015,48,113,013805,3,1
481130138052,1206,1289,48,113,013805,2,1
481130138062,1207,546,48,113,013806,2,1
481130138061,1208,2199,48,113,013806,1,1
481130079091,1209,768,48,113,007909,1,1
481130079092,1210,1036,48,113,007909,2,1
481130136163,1211,1305,48,113,013616,3,1
481130072025,1212,921,48,113,007202,5,1
481130181341,1213,1564,48,113,018134,1,1
481130181392,1214,917,48,113,018139,2,1
481130181394,1215,1668,48,113,018139,4,1
481130181393,1216,828,48,113,018139,3,1
481130181391,1217,1204,48,113,018139,1,1
481130181382,1218,1272,48,113,018138,2,1
481130181381,1219,1573,48,113,018138,1,1
481130181372,1220,349,48,113,018137,2,1
481130181371,1221,1743,48,113,018137,1,1
481130181331,1222,846,48,113,018133,1,1
481130181332,1223,1252,48,113,018133,2,1
481130181363,1224,685,48,113,018136,3,1
481130181361,1225,1043,48,113,018136,1,1
481130165211,1226,1927,48,113,016521,1,1
481130165212,1227,1463,48,113,016521,2,1
481130164132,1228,1801,48,113,016413,2,1
481130164131,1229,924,48,113,016413,1,1
481130164133,1230,1278,48,113,016413,3,1
481130164121,1231,1682,48,113,016412,1,1
481130164122,1232,1266,48,113,016412,2,1
481130078182,1233,1117,48,113,007818,2,1
481130181365,1234,1486,48,113,018136,5,1
481130181362,1235,504,48,113,018136,2,1
481130181364,1236,919,48,113,018136,4,1
481130078184,1237,504,48,113,007818,4,1
481130136261,1238,1131,48,113,013626,1,1
481130136262,1239,1223,48,113,013626,2,1
481130017041,1240,993,48,113,001704,1,1
481130017042,1241,285,48,113,001704,2,1
481130006052,1242,1034,48,113,000605,2,1
481130006051,1243,884,48,113,000605,1,1
481130004064,1244,537,48,113,000406,4,1
481130004062,1245,690,48,113,000406,2,1
481130004065,1246,1804,48,113,000406,5,1
481130004061,1247,639,48,113,000406,1,1
481130004063,1248,987,48,113,000406,3,1
481139801001,1249,0,48,113,980100,1,1
481130006063,1250,329,48,113,000606,3,1
481130006062,1251,806,48,113,000606,2,1
481130078183,1252,413,48,113,007818,3,1
481130078114,1253,1778,48,113,007811,4,1
481130078113,1254,581,48,113,007811,3,1
481130078212,1255,627,48,113,007821,2,1
481130078213,1256,698,48,113,007821,3,1
481130082003,1257,756,48,113,008200,3,1
481130082002,1258,568,48,113,008200,2,1
481130082004,1259,380,48,113,008200,4,1
481130004043,1260,767,48,113,000404,3,1
481130002023,1261,1187,48,113,000202,3,1
481130004041,1262,267,48,113,000404,1,1
481130004042,1263,694,48,113,000404,2,1
481130004044,1264,783,48,113,000404,4,1
481130010022,1265,702,48,113,001002,2,1
481130010021,1266,513,48,113,001002,1,1
481130013013,1267,481,48,113,001301,3,1
481130011012,1268,880,48,113,001101,2,1
481130011011,1269,606,48,113,001101,1,1
481130011013,1270,1307,48,113,001101,3,1
481130013011,1271,284,48,113,001301,1,1
481130013012,1272,752,48,113,001301,2,1
481130025004,1273,478,48,113,002500,4,1
481130025003,1274,479,48,113,002500,3,1
481130025002,1275,735,48,113,002500,2,1
481130025001,1276,466,48,113,002500,1,1
481130039021,1277,245,48,113,003902,1,1
481130039022,1278,435,48,113,003902,2,1
481130042014,1279,420,48,113,004201,4,1
481130042011,1280,462,48,113,004201,1,1
481130099001,1281,887,48,113,009900,1,1
481130087051,1282,289,48,113,008705,1,1
481130087052,1283,329,48,113,008705,2,1
481130099002,1284,1018,48,113,009900,2,1
481130114011,1285,526,48,113,011401,1,1
481130114012,1286,612,48,113,011401,2,1
481130114013,1287,621,48,113,011401,3,1
481130133002,1288,476,48,113,013300,2,1
481130133001,1289,569,48,113,013300,1,1
481130141133,1290,880,48,113,014113,3,1
481130141135,1291,707,48,113,014113,5,1
481130141132,1292,462,48,113,014113,2,1
481130141134,1293,354,48,113,014113,4,1
481130141131,1294,868,48,113,014113,1,1
481130144081,1295,971,48,113,014408,1,1
481130144082,1296,427,48,113,014408,2,1
481130166151,1297,819,48,113,016615,1,1
481130171011,1298,614,48,113,017101,1,1
481130171012,1299,1992,48,113,017101,2,1
481130161001,1300,1065,48,113,016100,1,1
481130047002,1301,581,48,113,004700,2,1
481130047003,1302,676,48,113,004700,3,1
481130041001,1303,364,48,113,004100,1,1
481130047001,1304,401,48,113,004700,1,1
481130088026,1305,173,48,113,008802,6,1
481130088022,1306,553,48,113,008802,2,1
481130088023,1307,438,48,113,008802,3,1
481130088021,1308,248,48,113,008802,1,1
481130088024,1309,495,48,113,008802,4,1
481130088025,1310,256,48,113,008802,5,1
481130089003,1311,812,48,113,008900,3,1
481130089001,1312,287,48,113,008900,1,1
481130089002,1313,254,48,113,008900,2,1
481130091053,1314,399,48,113,009105,3,1
481130091052,1315,610,48,113,009105,2,1
481130091051,1316,533,48,113,009105,1,1
481130092013,1317,581,48,113,009201,3,1
481130092012,1318,184,48,113,009201,2,1
481130092014,1319,725,48,113,009201,4,1
481130137143,1320,1068,48,113,013714,3,1
481130139023,1321,767,48,113,013902,3,1
481130139024,1322,669,48,113,013902,4,1
481130139022,1323,464,48,113,013902,2,1
481130139021,1324,723,48,113,013902,1,1
481130168022,1325,954,48,113,016802,2,1
481130168021,1326,468,48,113,016802,1,1
481130168023,1327,653,48,113,016802,3,1
481130171021,1328,943,48,113,017102,1,1
481130171022,1329,1606,48,113,017102,2,1
481130051001,1330,754,48,113,005100,1,1
481130051002,1331,429,48,113,005100,2,1
481130056001,1332,693,48,113,005600,1,1
481130056002,1333,700,48,113,005600,2,1
481130056004,1334,878,48,113,005600,4,1
481130056003,1335,1203,48,113,005600,3,1
481130147021,1336,695,48,113,014702,1,1
481130147022,1337,230,48,113,014702,2,1
481130147023,1338,809,48,113,014702,3,1
481130143024,1339,853,48,113,014302,4,1
481130143021,1340,255,48,113,014302,1,1
481130143022,1341,252,48,113,014302,2,1
481130143025,1342,1499,48,113,014302,5,1
481130143023,1343,705,48,113,014302,3,1
481130165092,1344,1239,48,113,016509,2,1
481130165091,1345,764,48,113,016509,1,1
481130012042,1346,549,48,113,001204,2,1
481130181283,1347,892,48,113,018128,3,1
481130181281,1348,1664,48,113,018128,1,1
481130181282,1349,1078,48,113,018128,2,1
481130012041,1350,806,48,113,001204,1,1
481130027022,1351,339,48,113,002702,2,1
481130027021,1352,294,48,113,002702,1,1
481130052001,1353,782,48,113,005200,1,1
481130052003,1354,821,48,113,005200,3,1
481130052004,1355,330,48,113,005200,4,1
481130052002,1356,675,48,113,005200,2,1
481130141193,1357,1127,48,113,014119,3,1
481130141191,1358,600,48,113,014119,1,1
481130141192,1359,899,48,113,014119,2,1
481130130044,1360,683,48,113,013004,4,1
481130130041,1361,607,48,113,013004,1,1
481130130043,1362,435,48,113,013004,3,1
481130130045,1363,588,48,113,013004,5,1
481130130042,1364,744,48,113,013004,2,1
481130154041,1365,1554,48,113,015404,1,1
481130143091,1366,338,48,113,014309,1,1
481130143092,1367,1400,48,113,014309,2,1
481130143093,1368,896,48,113,014309,3,1
481130145021,1369,699,48,113,014502,1,1
481130145023,1370,567,48,113,014502,3,1
481130145022,1371,1386,48,113,014502,2,1
481130152045,1372,696,48,113,015204,5,1
481130152044,1373,1364,48,113,015204,4,1
481130152042,1374,412,48,113,015204,2,1
481130152043,1375,217,48,113,015204,3,1
481130152046,1376,867,48,113,015204,6,1
481130152041,1377,437,48,113,015204,1,1
481130152053,1378,1197,48,113,015205,3,1
481130152052,1379,815,48,113,015205,2,1
481130152051,1380,318,48,113,015205,1,1
481130159002,1381,413,48,113,015900,2,1
481130159001,1382,441,48,113,015900,1,1
481130159003,1383,972,48,113,015900,3,1
481130166161,1384,1361,48,113,016616,1,1
481130167011,1385,674,48,113,016701,1,1
481130167014,1386,1048,48,113,016701,4,1
481130178052,1387,538,48,113,017805,2,1
481130176021,1388,938,48,113,017602,1,1
481130176022,1389,1035,48,113,017602,2,1
481130178055,1390,525,48,113,017805,5,1
481130178053,1391,225,48,113,017805,3,1
481130178054,1392,1076,48,113,017805,4,1
481130178051,1393,381,48,113,017805,1,1
481130106011,1394,806,48,113,010601,1,1
481130106013,1395,278,48,113,010601,3,1
481130106012,1396,1569,48,113,010601,2,1
481130106021,1397,740,48,113,010602,1,1
481130106022,1398,488,48,113,010602,2,1
481130109021,1399,1572,48,113,010902,1,1
481130109022,1400,633,48,113,010902,2,1
481130109023,1401,1173,48,113,010902,3,1
481130113001,1402,941,48,113,011300,1,1
481130113003,1403,507,48,113,011300,3,1
481130113002,1404,740,48,113,011300,2,1
481130122091,1405,934,48,113,012209,1,1
481130122092,1406,893,48,113,012209,2,1
481130167013,1407,431,48,113,016701,3,1
481130167012,1408,427,48,113,016701,2,1
481130154043,1409,430,48,113,015404,3,1
481130154042,1410,227,48,113,015404,2,1
481130165191,1411,525,48,113,016519,1,1
481130165192,1412,588,48,113,016519,2,1
481130181212,1413,1434,48,113,018121,2,1
481130175001,1414,411,48,113,017500,1,1
481130175003,1415,1096,48,113,017500,3,1
481130175002,1416,425,48,113,017500,2,1
481130181211,1417,1706,48,113,018121,1,1
481130166191,1418,803,48,113,016619,1,1
481130166192,1419,649,48,113,016619,2,1
481130166193,1420,333,48,113,016619,3,1
481130137192,1421,1025,48,113,013719,2,1
481130137191,1422,1236,48,113,013719,1,1
481130142032,1423,457,48,113,014203,2,1
481130142033,1424,1220,48,113,014203,3,1
481130142031,1425,405,48,113,014203,1,1
481130149021,1426,507,48,113,014902,1,1
481130149022,1427,883,48,113,014902,2,1
481130172014,1428,634,48,113,017201,4,1
481130172011,1429,323,48,113,017201,1,1
481130172015,1430,477,48,113,017201,5,1
481130172013,1431,393,48,113,017201,3,1
481130172012,1432,658,48,113,017201,2,1
481130167041,1433,1152,48,113,016704,1,1
481130167042,1434,985,48,113,016704,2,1
481130059021,1435,681,48,113,005902,1,1
481130059022,1436,1212,48,113,005902,2,1
481130190142,1437,529,48,113,019014,2,1
481130190144,1438,980,48,113,019014,4,1
481130190143,1439,777,48,113,019014,3,1
481130190202,1440,1227,48,113,019020,2,1
481130190201,1441,399,48,113,019020,1,1
481130020003,1442,88,48,113,002000,3,1
481130020005,1443,941,48,113,002000,5,1
481130020001,1444,1645,48,113,002000,1,1
481130020002,1445,439,48,113,002000,2,1
481130020004,1446,617,48,113,002000,4,1
481130071011,1447,935,48,113,007101,1,1
481130071012,1448,307,48,113,007101,2,1
481130078051,1449,444,48,113,007805,1,1
481130181264,1450,710,48,113,018126,4,1
481130181262,1451,923,48,113,018126,2,1
481130181265,1452,757,48,113,018126,5,1
481130181263,1453,877,48,113,018126,3,1
481130181261,1454,488,48,113,018126,1,1
481130078052,1455,425,48,113,007805,2,1
481130078053,1456,633,48,113,007805,3,1
481130105001,1457,573,48,113,010500,1,1
481130105002,1458,488,48,113,010500,2,1
481130131012,1459,346,48,113,013101,2,1
481130131013,1460,517,48,113,013101,3,1
481130131011,1461,486,48,113,013101,1,1
481130137222,1462,1706,48,113,013722,2,1
481130137221,1463,1202,48,113,013722,1,1
481130062002,1464,346,48,113,006200,2,1
481130193013,1465,496,48,113,019301,3,1
481130193023,1466,262,48,113,019302,3,1
481130193011,1467,511,48,113,019301,1,1
481130193012,1468,512,48,113,019301,2,1
481130193024,1469,842,48,113,019302,4,1
481130193022,1470,618,48,113,019302,2,1
481130193021,1471,466,48,113,019302,1,1
481130003001,1472,678,48,113,000300,1,1
481130003003,1473,1111,48,113,000300,3,1
481130003002,1474,1062,48,113,000300,2,1
481130006033,1475,625,48,113,000603,3,1
481130006032,1476,1056,48,113,000603,2,1
481130006034,1477,1250,48,113,000603,4,1
481130006031,1478,623,48,113,000603,1,1
481130005003,1479,1752,48,113,000500,3,1
481130009001,1480,530,48,113,000900,1,1
481130009003,1481,283,48,113,000900,3,1
481130009002,1482,1209,48,113,000900,2,1
481130009004,1483,1167,48,113,000900,4,1
481130013022,1484,197,48,113,001302,2,1
481130013023,1485,654,48,113,001302,3,1
481130013021,1486,475,48,113,001302,1,1
481130014002,1487,553,48,113,001400,2,1
481130014001,1488,848,48,113,001400,1,1
481130014003,1489,588,48,113,001400,3,1
481130014004,1490,311,48,113,001400,4,1
481130044002,1491,1143,48,113,004400,2,1
481130044001,1492,583,48,113,004400,1,1
481130044003,1493,618,48,113,004400,3,1
481130046001,1494,509,48,113,004600,1,1
481130046002,1495,577,48,113,004600,2,1
481130190291,1496,900,48,113,019029,1,1
481130190293,1497,1279,48,113,019029,3,1
481130190292,1498,881,48,113,019029,2,1
481130192043,1499,416,48,113,019204,3,1
481130192042,1500,696,48,113,019204,2,1
481130192045,1501,1938,48,113,019204,5,1
481130192041,1502,824,48,113,019204,1,1
481130192044,1503,1176,48,113,019204,4,1
481130054003,1504,457,48,113,005400,3,1
481130127022,1505,557,48,113,012702,2,1
481130127023,1506,610,48,113,012702,3,1
481130123021,1507,1515,48,113,012302,1,1
481130123023,1508,877,48,113,012302,3,1
481130127021,1509,436,48,113,012702,1,1
481130130054,1510,251,48,113,013005,4,1
481130130053,1511,340,48,113,013005,3,1
481130130051,1512,395,48,113,013005,1,1
481130130052,1513,785,48,113,013005,2,1
481130130082,1514,1283,48,113,013008,2,1
481130130081,1515,566,48,113,013008,1,1
481130134002,1516,584,48,113,013400,2,1
481130134001,1517,426,48,113,013400,1,1
481130136102,1518,437,48,113,013610,2,1
481130136101,1519,817,48,113,013610,1,1
481130136104,1520,860,48,113,013610,4,1
481130136103,1521,873,48,113,013610,3,1
481130136111,1522,775,48,113,013611,1,1
481130136152,1523,523,48,113,013615,2,1
481130136151,1524,1150,48,113,013615,1,1
481130109042,1525,1381,48,113,010904,2,1
481130109041,1526,400,48,113,010904,1,1
481130176061,1527,539,48,113,017606,1,1
481130176062,1528,838,48,113,017606,2,1
481130141272,1529,721,48,113,014127,2,1
481130141273,1530,1087,48,113,014127,3,1
481130141271,1531,3494,48,113,014127,1,1
481130207001,1532,593,48,113,020700,1,1
481130207002,1533,1731,48,113,020700,2,1
481130207003,1534,596,48,113,020700,3,1
481130200002,1535,1945,48,113,020000,2,1
481130200001,1536,706,48,113,020000,1,1
481130202003,1537,458,48,113,020200,3,1
481130202001,1538,331,48,113,020200,1,1
481130202002,1539,814,48,113,020200,2,1
481130201001,1540,487,48,113,020100,1,1
481130201002,1541,719,48,113,020100,2,1
481130130113,1542,648,48,113,013011,3,1
481130206001,1543,371,48,113,020600,1,1
481130206002,1544,576,48,113,020600,2,1
481130130111,1545,1073,48,113,013011,1,1
481130130112,1546,1013,48,113,013011,2,1
481130185061,1547,1638,48,113,018506,1,1
481130136221,1548,910,48,113,013622,1,1
481130136212,1549,1428,48,113,013621,2,1
481130136222,1550,888,48,113,013622,2,1
481130079122,1551,653,48,113,007912,2,1
481130079121,1552,839,48,113,007912,1,1
481130078221,1553,907,48,113,007822,1,1
481130078222,1554,0,48,113,007822,2,1
481130078233,1555,0,48,113,007823,3,1
481130078232,1556,279,48,113,007823,2,1
481130078231,1557,377,48,113,007823,1,1
481130190403,1558,1042,48,113,019040,3,1
481130190402,1559,1119,48,113,019040,2,1
481130078211,1560,1039,48,113,007821,1,1
481130039011,1561,394,48,113,003901,1,1
481130021002,1562,1071,48,113,002100,2,1
481130031012,1563,1238,48,113,003101,2,1
481130126013,1564,1191,48,113,012601,3,1
481130147032,1565,258,48,113,014703,2,1
481130130102,1566,680,48,113,013010,2,1
481130130101,1567,1395,48,113,013010,1,1
481130130103,1568,824,48,113,013010,3,1
481130126042,1569,1911,48,113,012604,2,1
481130188022,1570,345,48,113,018802,2,1
481130141213,1571,785,48,113,014121,3,1
481130141212,1572,894,48,113,014121,2,1
481130141214,1573,1340,48,113,014121,4,1
481130165232,1574,1034,48,113,016523,2,1
481130165233,1575,172,48,113,016523,3,1
481130165231,1576,986,48,113,016523,1,1
481130165234,1577,287,48,113,016523,4,1
481130143113,1578,415,48,113,014311,3,1
481130165222,1579,989,48,113,016522,2,1
481130165221,1580,757,48,113,016522,1,1
481130143112,1581,844,48,113,014311,2,1
481130143111,1582,1240,48,113,014311,1,1
481130141291,1583,2040,48,113,014129,1,1
481130141292,1584,1020,48,113,014129,2,1
481130141283,1585,657,48,113,014128,3,1
481130141281,1586,678,48,113,014128,1,1
481130141282,1587,901,48,113,014128,2,1
481130141362,1588,482,48,113,014136,2,1
481130141364,1589,1029,48,113,014136,4,1
481130141363,1590,824,48,113,014136,3,1
481130141332,1591,650,48,113,014133,2,1
481130141333,1592,1551,48,113,014133,3,1
481130141331,1593,1133,48,113,014133,1,1
481130190194,1594,292,48,113,019019,4,1
481130170043,1595,1879,48,113,017004,3,1
481130165104,1596,1427,48,113,016510,4,1
481130165103,1597,1871,48,113,016510,3,1
481130181184,1598,1403,48,113,018118,4,1
481130165143,1599,2132,48,113,016514,3,1
481130190183,1600,1144,48,113,019018,3,1
481130190352,1601,1959,48,113,019035,2,1
481130190353,1602,1131,48,113,019035,3,1
481130185033,1603,1003,48,113,018503,3,1
481130096032,1604,1185,48,113,009603,2,1
481130141371,1605,1950,48,113,014137,1,1
481130141372,1606,2017,48,113,014137,2,1
481130136112,1607,725,48,113,013611,2,1
481130136153,1608,1698,48,113,013615,3,1
481130177024,1609,851,48,113,017702,4,1
481130173064,1610,743,48,113,017306,4,1
481130173063,1611,855,48,113,017306,3,1
481130190421,1612,945,48,113,019042,1,1
481130190422,1613,1865,48,113,019042,2,1
481130190432,1614,1583,48,113,019043,2,1
481130190433,1615,1620,48,113,019043,3,1
481130190431,1616,1118,48,113,019043,1,1
481130181403,1617,1408,48,113,018140,3,1
481130181401,1618,716,48,113,018140,1,1
481139800001,1619,0,48,113,980000,1,1
481130141343,1620,1226,48,113,014134,3,1
481130141341,1621,675,48,113,014134,1,1
481130141342,1622,489,48,113,014134,2,1
481130141353,1623,667,48,113,014135,3,1
481130141352,1624,673,48,113,014135,2,1
481130141351,1625,1150,48,113,014135,1,1
481130141313,1626,915,48,113,014131,3,1
481130141312,1627,623,48,113,014131,2,1
481130141314,1628,522,48,113,014131,4,1
481130141311,1629,532,48,113,014131,1,1
481130141322,1630,369,48,113,014132,2,1
481130141321,1631,898,48,113,014132,1,1
481130185051,1632,1709,48,113,018505,1,1
481130185052,1633,535,48,113,018505,2,1
481130136251,1634,413,48,113,013625,1,1
481130072024,1635,774,48,113,007202,4,1
481130136233,1636,1621,48,113,013623,3,1
481130136231,1637,1305,48,113,013623,1,1
481130136232,1638,1605,48,113,013623,2,1
481130136211,1639,655,48,113,013621,1,1
481130136213,1640,739,48,113,013621,3,1
481130078202,1641,679,48,113,007820,2,1
481130078201,1642,1013,48,113,007820,1,1
481130078203,1643,1755,48,113,007820,3,1
481130079112,1644,866,48,113,007911,2,1
481130079111,1645,1526,48,113,007911,1,1
481130065013,1646,870,48,113,006501,3,1
481130166073,1647,727,48,113,016607,3,1
481130166112,1648,516,48,113,016611,2,1
481130079101,1649,1514,48,113,007910,1,1
481130079102,1650,1011,48,113,007910,2,1
481130078252,1651,369,48,113,007825,2,1
481130078254,1652,692,48,113,007825,4,1
481130078253,1653,378,48,113,007825,3,1
481130078255,1654,745,48,113,007825,5,1
481130078251,1655,1032,48,113,007825,1,1
481130078241,1656,578,48,113,007824,1,1
481130078242,1657,642,48,113,007824,2,1
481130078261,1658,357,48,113,007826,1,1
481130078271,1659,543,48,113,007827,1,1
481130078273,1660,743,48,113,007827,3,1
481130078272,1661,477,48,113,007827,2,1
481130190253,1662,1114,48,113,019025,3,1
481130140022,1663,34,48,113,014002,2,1
481130078192,1664,298,48,113,007819,2,1
481130190203,1665,1048,48,113,019020,3,1
481130122082,1666,408,48,113,012208,2,1
481130121003,1667,1214,48,113,012100,3,1
481130121002,1668,957,48,113,012100,2,1
481130120004,1669,1278,48,113,012000,4,1
