GeoId	0	Worker	state	county	tract	block group
481130167034	1	4085	48	113	16703	4
481130167031	2	379	48	113	16703	1
481130167032	3	807	48	113	16703	2
481130167033	4	351	48	113	16703	3
481130174001	5	329	48	113	17400	1
481130174003	6	631	48	113	17400	3
481130174004	7	1343	48	113	17400	4
481130174002	8	337	48	113	17400	2
481130178041	9	653	48	113	17804	1
481130178044	10	1484	48	113	17804	4
481130178042	11	432	48	113	17804	2
481130178043	12	1065	48	113	17804	3
481130178131	13	1084	48	113	17813	1
481130178133	14	674	48	113	17813	3
481130178134	15	1132	48	113	17813	4
481130178132	16	1015	48	113	17813	2
481130184012	17	1054	48	113	18401	2
481130184011	18	649	48	113	18401	1
481130184013	19	719	48	113	18401	3
481130190161	20	551	48	113	19016	1
481130190162	21	810	48	113	19016	2
481130054002	22	319	48	113	5400	2
481130054004	23	490	48	113	5400	4
481130054001	24	1053	48	113	5400	1
481130076011	25	482	48	113	7601	1
481130076012	26	517	48	113	7601	2
481130091032	27	579	48	113	9103	2
481130091031	28	879	48	113	9103	1
481130094022	29	735	48	113	9402	2
481130094021	30	688	48	113	9402	1
481130096101	31	795	48	113	9610	1
481130096102	32	1179	48	113	9610	2
481130098023	33	602	48	113	9802	3
481130098021	34	744	48	113	9802	1
481130098022	35	993	48	113	9802	2
481130098024	36	379	48	113	9802	4
481130164101	37	1885	48	113	16410	1
481130160022	38	684	48	113	16002	2
481130164092	39	966	48	113	16409	2
481130164091	40	976	48	113	16409	1
481130164102	41	696	48	113	16410	2
481130165025	42	497	48	113	16502	5
481130165023	43	1350	48	113	16502	3
481130165022	44	1066	48	113	16502	2
481130165021	45	189	48	113	16502	1
481130165024	46	307	48	113	16502	4
481130165184	47	641	48	113	16518	4
481130165181	48	556	48	113	16518	1
481130165183	49	284	48	113	16518	3
481130165182	50	740	48	113	16518	2
481130183003	51	878	48	113	18300	3
481130183005	52	554	48	113	18300	5
481130187001	53	718	48	113	18700	1
481130183004	54	977	48	113	18300	4
481130183001	55	482	48	113	18300	1
481130187004	56	631	48	113	18700	4
481130187003	57	617	48	113	18700	3
481130190163	58	557	48	113	19016	3
481130190311	59	1527	48	113	19031	1
481130170042	60	1727	48	113	17004	2
481130170041	61	968	48	113	17004	1
481130173013	62	502	48	113	17301	3
481130173012	63	1506	48	113	17301	2
481130173011	64	864	48	113	17301	1
481130178111	65	291	48	113	17811	1
481130178113	66	1174	48	113	17811	3
481130178112	67	692	48	113	17811	2
481130178142	68	1166	48	113	17814	2
481130178143	69	796	48	113	17814	3
481130178141	70	1314	48	113	17814	1
481130179003	71	422	48	113	17900	3
481130179002	72	330	48	113	17900	2
481130179001	73	440	48	113	17900	1
481130179004	74	863	48	113	17900	4
481130156002	75	890	48	113	15600	2
481130156001	76	891	48	113	15600	1
481130156003	77	944	48	113	15600	3
481130163012	78	1723	48	113	16301	2
481130163013	79	1314	48	113	16301	3
481130163011	80	776	48	113	16301	1
481130164072	81	1120	48	113	16407	2
481130164071	82	1430	48	113	16407	1
481130164073	83	625	48	113	16407	3
481130190314	84	943	48	113	19031	4
481130190312	85	563	48	113	19031	2
481130190313	86	584	48	113	19031	3
481130190321	87	551	48	113	19032	1
481130190322	88	207	48	113	19032	2
481130098025	89	894	48	113	9802	5
481130011022	90	468	48	113	1102	2
481130107032	91	715	48	113	10703	2
481130107031	92	703	48	113	10703	1
481130011023	93	697	48	113	1102	3
481130011021	94	603	48	113	1102	1
481130015031	95	698	48	113	1503	1
481130015033	96	478	48	113	1503	3
481130007023	97	555	48	113	702	3
481130007021	98	945	48	113	702	1
481130007022	99	876	48	113	702	2
481130008002	100	1396	48	113	800	2
481130008004	101	1035	48	113	800	4
481130008005	102	502	48	113	800	5
481130008003	103	672	48	113	800	3
481130008001	104	1270	48	113	800	1
481130166183	105	889	48	113	16618	3
481130166181	106	836	48	113	16618	1
481130166182	107	780	48	113	16618	2
481130170033	108	1907	48	113	17003	3
481130170031	109	1154	48	113	17003	1
481130170032	110	1377	48	113	17003	2
481130170034	111	851	48	113	17003	4
481130172023	112	751	48	113	17202	3
481130172022	113	895	48	113	17202	2
481130172024	114	988	48	113	17202	4
481130172021	115	1058	48	113	17202	1
481130173033	116	1258	48	113	17303	3
481130173032	117	1657	48	113	17303	2
481130173031	118	1055	48	113	17303	1
481130173061	119	1641	48	113	17306	1
481130173062	120	969	48	113	17306	2
481130178081	121	393	48	113	17808	1
481130178083	122	1451	48	113	17808	3
481130178082	123	654	48	113	17808	2
481130192046	124	614	48	113	19204	6
481130147014	125	708	48	113	14701	4
481130147012	126	507	48	113	14701	2
481130147011	127	616	48	113	14701	1
481130147013	128	723	48	113	14701	3
481130143082	129	1468	48	113	14308	2
481130143081	130	671	48	113	14308	1
481130144063	131	921	48	113	14406	3
481130144061	132	992	48	113	14406	1
481130144062	133	440	48	113	14406	2
481130146011	134	327	48	113	14601	1
481130146022	135	384	48	113	14602	2
481130146012	136	699	48	113	14601	2
481130146021	137	711	48	113	14602	1
481130146023	138	920	48	113	14602	3
481130147031	139	720	48	113	14703	1
481130150005	140	649	48	113	15000	5
481130150003	141	858	48	113	15000	3
481130150001	142	927	48	113	15000	1
481130150004	143	950	48	113	15000	4
481130150002	144	341	48	113	15000	2
481130151004	145	361	48	113	15100	4
481130151002	146	700	48	113	15100	2
481130151003	147	484	48	113	15100	3
481130151005	148	1297	48	113	15100	5
481130072021	149	394	48	113	7202	1
481130072022	150	1338	48	113	7202	2
481130077001	151	324	48	113	7700	1
481130077002	152	708	48	113	7700	2
481130077003	153	381	48	113	7700	3
481130077004	154	1102	48	113	7700	4
481130078043	155	1045	48	113	7804	3
481130078042	156	344	48	113	7804	2
481130078041	157	1607	48	113	7804	1
481130078151	158	216	48	113	7815	1
481130078153	159	1372	48	113	7815	3
481130078152	160	1023	48	113	7815	2
481130079022	161	680	48	113	7902	2
481130079025	162	458	48	113	7902	5
481130079024	163	405	48	113	7902	4
481130079021	164	755	48	113	7902	1
481130079023	165	563	48	113	7902	3
481130119001	166	1078	48	113	11900	1
481130135001	167	625	48	113	13500	1
481130131022	168	677	48	113	13102	2
481130131021	169	340	48	113	13102	1
481130135002	170	714	48	113	13500	2
481130136172	171	388	48	113	13617	2
481130136171	172	763	48	113	13617	1
481130136173	173	564	48	113	13617	3
481130137211	174	1180	48	113	13721	1
481130137213	175	1394	48	113	13721	3
481130139012	176	484	48	113	13901	2
481130137212	177	1350	48	113	13721	2
481130139011	178	843	48	113	13901	1
481130139013	179	605	48	113	13901	3
481130140013	180	614	48	113	14001	3
481130140012	181	516	48	113	14001	2
481130140011	182	601	48	113	14001	1
481130140014	183	545	48	113	14001	4
481130141142	184	841	48	113	14114	2
481130141141	185	1379	48	113	14114	1
481130137151	186	627	48	113	13715	1
481130137162	187	821	48	113	13716	2
481130137161	188	1066	48	113	13716	1
481130137163	189	857	48	113	13716	3
481130166062	190	761	48	113	16606	2
481130166061	191	1550	48	113	16606	1
481130166064	192	927	48	113	16606	4
481130166063	193	838	48	113	16606	3
481130166121	194	1056	48	113	16612	1
481130166123	195	1929	48	113	16612	3
481130166124	196	2202	48	113	16612	4
481130166125	197	911	48	113	16612	5
481130166122	198	1306	48	113	16612	2
481130166126	199	873	48	113	16612	6
481130166171	200	528	48	113	16617	1
481130166173	201	1204	48	113	16617	3
481130166172	202	609	48	113	16617	2
481130165172	203	704	48	113	16517	2
481130165173	204	150	48	113	16517	3
481130165171	205	1372	48	113	16517	1
481130178064	206	371	48	113	17806	4
481130178062	207	1302	48	113	17806	2
481130178063	208	264	48	113	17806	3
481130178061	209	707	48	113	17806	1
481130178121	210	672	48	113	17812	1
481130178122	211	625	48	113	17812	2
481130181051	212	285	48	113	18105	1
481130181053	213	1060	48	113	18105	3
481130181054	214	581	48	113	18105	4
481130181052	215	1103	48	113	18105	2
481130118002	216	710	48	113	11800	2
481130118004	217	940	48	113	11800	4
481130126012	218	836	48	113	12601	2
481130126011	219	1514	48	113	12601	1
481130190244	220	866	48	113	19024	4
481130190241	221	654	48	113	19024	1
481130190242	222	507	48	113	19024	2
481130190243	223	456	48	113	19024	3
481130190323	224	1031	48	113	19032	3
481130190371	225	406	48	113	19037	1
481130190372	226	1112	48	113	19037	2
481130190373	227	517	48	113	19037	3
481130192102	228	513	48	113	19210	2
481130192104	229	451	48	113	19210	4
481130192101	230	560	48	113	19210	1
481130192103	231	498	48	113	19210	3
481130137171	232	826	48	113	13717	1
481130137172	233	631	48	113	13717	2
481130141211	234	272	48	113	14121	1
481130122101	235	723	48	113	12210	1
481130122102	236	1511	48	113	12210	2
481130164074	237	745	48	113	16407	4
481130166071	238	936	48	113	16607	1
481130166072	239	320	48	113	16607	2
481130151001	240	642	48	113	15100	1
481130002011	241	713	48	113	201	1
481130002013	242	474	48	113	201	3
481130002012	243	729	48	113	201	2
481130012032	244	540	48	113	1203	2
481130012031	245	374	48	113	1203	1
481130015021	246	538	48	113	1502	1
481130015024	247	732	48	113	1502	4
481130015022	248	361	48	113	1502	2
481130015023	249	309	48	113	1502	3
481130022001	250	1206	48	113	2200	1
481130022002	251	439	48	113	2200	2
481130024001	252	278	48	113	2400	1
481130024003	253	482	48	113	2400	3
481130024002	254	804	48	113	2400	2
481130031011	255	1635	48	113	3101	1
481130034002	256	373	48	113	3400	2
481130034001	257	235	48	113	3400	1
481130039012	258	318	48	113	3901	2
481130053005	259	883	48	113	5300	5
481130053003	260	402	48	113	5300	3
481130053002	261	967	48	113	5300	2
481130053004	262	642	48	113	5300	4
481130053001	263	665	48	113	5300	1
481130181182	264	844	48	113	18118	2
481130181183	265	1145	48	113	18118	3
481130181181	266	361	48	113	18118	1
481130181292	267	1072	48	113	18129	2
481130181291	268	1242	48	113	18129	1
481130190181	269	1054	48	113	19018	1
481130190182	270	790	48	113	19018	2
481130019001	271	2308	48	113	1900	1
481130043001	272	500	48	113	4300	1
481130043002	273	161	48	113	4300	2
481130043003	274	411	48	113	4300	3
481130060021	275	1508	48	113	6002	1
481130060023	276	535	48	113	6002	3
481130190332	277	554	48	113	19033	2
481130060022	278	585	48	113	6002	2
481130190331	279	645	48	113	19033	1
481130190333	280	1210	48	113	19033	3
481130194001	281	361	48	113	19400	1
481130194003	282	1020	48	113	19400	3
481130194002	283	576	48	113	19400	2
481130158001	284	312	48	113	15800	1
481130158002	285	696	48	113	15800	2
481130160014	286	400	48	113	16001	4
481130160012	287	262	48	113	16001	2
481130160011	288	515	48	113	16001	1
481130160013	289	688	48	113	16001	3
481130162021	290	1077	48	113	16202	1
481130162022	291	505	48	113	16202	2
481130161002	292	525	48	113	16100	2
481130010011	293	637	48	113	1001	1
481130010012	294	426	48	113	1001	2
481130015043	295	451	48	113	1504	3
481130015041	296	545	48	113	1504	1
481130015042	297	178	48	113	1504	2
481130015044	298	223	48	113	1504	4
481130016002	299	834	48	113	1600	2
481130016001	300	1990	48	113	1600	1
481130017011	301	406	48	113	1701	1
481130140021	302	15	48	113	14002	1
481130141231	303	1344	48	113	14123	1
481130141232	304	767	48	113	14123	2
481130141233	305	730	48	113	14123	3
481130141234	306	503	48	113	14123	4
481130153061	307	521	48	113	15306	1
481130153063	308	704	48	113	15306	3
481130153062	309	1571	48	113	15306	2
481130162013	310	690	48	113	16201	3
481130162011	311	1101	48	113	16201	1
481130162012	312	364	48	113	16201	2
481130164081	313	1462	48	113	16408	1
481130164083	314	560	48	113	16408	3
481130164082	315	1059	48	113	16408	2
481130164084	316	1234	48	113	16408	4
481130165102	317	1968	48	113	16510	2
481130165101	318	1878	48	113	16510	1
481130165163	319	265	48	113	16516	3
481130165164	320	775	48	113	16516	4
481130165162	321	421	48	113	16516	2
481130165165	322	477	48	113	16516	5
481130165161	323	645	48	113	16516	1
481130166052	324	1922	48	113	16605	2
481130181101	325	826	48	113	18110	1
481130181103	326	530	48	113	18110	3
481130181102	327	1093	48	113	18110	2
481130184031	328	624	48	113	18403	1
481130190193	329	654	48	113	19019	3
481130190191	330	1629	48	113	19019	1
481130190192	331	941	48	113	19019	2
481130190216	332	749	48	113	19021	6
481130190212	333	377	48	113	19021	2
481130190214	334	1032	48	113	19021	4
481130190215	335	366	48	113	19021	5
481130190211	336	669	48	113	19021	1
481130190213	337	629	48	113	19021	3
481130190271	338	595	48	113	19027	1
481130192031	339	540	48	113	19203	1
481130192032	340	410	48	113	19203	2
481130192034	341	394	48	113	19203	4
481130192033	342	585	48	113	19203	3
481130192061	343	1490	48	113	19206	1
481130192064	344	659	48	113	19206	4
481130192062	345	749	48	113	19206	2
481130192063	346	291	48	113	19206	3
481130192111	347	865	48	113	19211	1
481130192112	348	612	48	113	19211	2
481130192113	349	513	48	113	19211	3
481130042013	350	400	48	113	4201	3
481130042015	351	352	48	113	4201	5
481130042012	352	496	48	113	4201	2
481130042022	353	613	48	113	4202	2
481130042021	354	535	48	113	4202	1
481130042023	355	240	48	113	4202	3
481130048002	356	285	48	113	4800	2
481130048001	357	432	48	113	4800	1
481130048003	358	176	48	113	4800	3
481130048004	359	443	48	113	4800	4
481130049003	360	209	48	113	4900	3
481130049004	361	133	48	113	4900	4
481130049001	362	528	48	113	4900	1
481130049002	363	509	48	113	4900	2
481130055002	364	727	48	113	5500	2
481130055001	365	218	48	113	5500	1
481130055003	366	438	48	113	5500	3
481130055004	367	434	48	113	5500	4
481130059014	368	267	48	113	5901	4
481130059015	369	207	48	113	5901	5
481130059016	370	324	48	113	5901	6
481130059013	371	394	48	113	5901	3
481130059012	372	210	48	113	5901	2
481130059011	373	508	48	113	5901	1
481130060012	374	881	48	113	6001	2
481130060011	375	292	48	113	6001	1
481130060013	376	689	48	113	6001	3
481130063021	377	985	48	113	6302	1
481130190131	378	393	48	113	19013	1
481130190132	379	806	48	113	19013	2
481130190134	380	987	48	113	19013	4
481130190133	381	333	48	113	19013	3
481130191001	382	698	48	113	19100	1
481130191004	383	1030	48	113	19100	4
481130191002	384	528	48	113	19100	2
481130191005	385	386	48	113	19100	5
481130191003	386	971	48	113	19100	3
481130096111	387	769	48	113	9611	1
481130096112	388	819	48	113	9611	2
481130096113	389	533	48	113	9611	3
481130190363	390	530	48	113	19036	3
481130190361	391	363	48	113	19036	1
481130190362	392	782	48	113	19036	2
481130168042	393	1144	48	113	16804	2
481130168043	394	2090	48	113	16804	3
481130168041	395	1660	48	113	16804	1
481130182061	396	866	48	113	18206	1
481130182062	397	482	48	113	18206	2
481130182064	398	231	48	113	18206	4
481130182063	399	457	48	113	18206	3
481130092015	400	524	48	113	9201	5
481130092011	401	1021	48	113	9201	1
481130093031	402	579	48	113	9303	1
481130093032	403	574	48	113	9303	2
481130093033	404	595	48	113	9303	3
481130100001	405	1851	48	113	10000	1
481130100002	406	920	48	113	10000	2
481130101011	407	594	48	113	10101	1
481130101012	408	451	48	113	10101	2
481130101013	409	1016	48	113	10101	3
481130108033	410	660	48	113	10803	3
481130108032	411	375	48	113	10803	2
481130108035	412	1139	48	113	10803	5
481130108036	413	929	48	113	10803	6
481130108034	414	325	48	113	10803	4
481130108031	415	443	48	113	10803	1
481130110022	416	449	48	113	11002	2
481130110023	417	268	48	113	11002	3
481130110021	418	666	48	113	11002	1
481130111013	419	520	48	113	11101	3
481130111011	420	812	48	113	11101	1
481130111012	421	685	48	113	11101	2
481130141241	422	1384	48	113	14124	1
481130141242	423	760	48	113	14124	2
481130181042	424	2087	48	113	18104	2
481130181041	425	2243	48	113	18104	1
481130181201	426	1317	48	113	18120	1
481130181202	427	1393	48	113	18120	2
481130181233	428	895	48	113	18123	3
481130181232	429	1753	48	113	18123	2
481130181231	430	2424	48	113	18123	1
481130181244	431	661	48	113	18124	4
481130181241	432	3967	48	113	18124	1
481130063022	433	632	48	113	6302	2
481130063023	434	838	48	113	6302	3
481130068003	435	802	48	113	6800	3
481130068001	436	808	48	113	6800	1
481130068002	437	1332	48	113	6800	2
481130071022	438	530	48	113	7102	2
481130071021	439	835	48	113	7102	1
481130071025	440	504	48	113	7102	5
481130071024	441	870	48	113	7102	4
481130071023	442	391	48	113	7102	3
481130072013	443	1102	48	113	7201	3
481130072014	444	290	48	113	7201	4
481130072011	445	1150	48	113	7201	1
481130072015	446	1064	48	113	7201	5
481130072012	447	628	48	113	7201	2
481130078012	448	330	48	113	7801	2
481130078011	449	574	48	113	7801	1
481130081004	450	813	48	113	8100	4
481130081002	451	510	48	113	8100	2
481130081001	452	1062	48	113	8100	1
481130081003	453	845	48	113	8100	3
481130081005	454	534	48	113	8100	5
481130085001	455	456	48	113	8500	1
481130085002	456	552	48	113	8500	2
481130136093	457	475	48	113	13609	3
481130136091	458	1151	48	113	13609	1
481130136092	459	413	48	113	13609	2
481130144051	460	798	48	113	14405	1
481130144053	461	505	48	113	14405	3
481130012022	462	524	48	113	1202	2
481130144052	463	722	48	113	14405	2
481130012023	464	326	48	113	1202	3
481130012021	465	1733	48	113	1202	1
481130190351	466	40	48	113	19035	1
481130195012	467	474	48	113	19501	2
481130195013	468	776	48	113	19501	3
481130195014	469	534	48	113	19501	4
481130195015	470	243	48	113	19501	5
481130195011	471	892	48	113	19501	1
481130190046	472	739	48	113	19004	6
481130190041	473	508	48	113	19004	1
481130190045	474	1017	48	113	19004	5
481130190042	475	670	48	113	19004	2
481130190043	476	452	48	113	19004	3
481130190044	477	528	48	113	19004	4
481130192052	478	418	48	113	19205	2
481130111052	479	485	48	113	11105	2
481130111053	480	388	48	113	11105	3
481130111051	481	593	48	113	11105	1
481130116012	482	599	48	113	11601	2
481130116013	483	211	48	113	11601	3
481130116011	484	725	48	113	11601	1
481130122081	485	861	48	113	12208	1
481130122111	486	486	48	113	12211	1
481130122112	487	620	48	113	12211	2
481130122113	488	997	48	113	12211	3
481130124004	489	760	48	113	12400	4
481130124005	490	282	48	113	12400	5
481130124001	491	1133	48	113	12400	1
481130124006	492	430	48	113	12400	6
481130124003	493	265	48	113	12400	3
481130124002	494	418	48	113	12400	2
481130129001	495	1016	48	113	12900	1
481130129003	496	469	48	113	12900	3
481130129002	497	378	48	113	12900	2
481130129005	498	530	48	113	12900	5
481130129004	499	595	48	113	12900	4
481130128002	500	885	48	113	12800	2
481130128006	501	611	48	113	12800	6
481130128005	502	461	48	113	12800	5
481130128003	503	881	48	113	12800	3
481130128001	504	825	48	113	12800	1
481130128004	505	373	48	113	12800	4
481130137251	506	1392	48	113	13725	1
481130137252	507	269	48	113	13725	2
481130138042	508	663	48	113	13804	2
481130138043	509	853	48	113	13804	3
481130138041	510	341	48	113	13804	1
481130141162	511	757	48	113	14116	2
481130141164	512	151	48	113	14116	4
481130141161	513	933	48	113	14116	1
481130141163	514	571	48	113	14116	3
481130182042	515	1370	48	113	18204	2
481130182041	516	773	48	113	18204	1
481130184023	517	1173	48	113	18402	3
481130184021	518	883	48	113	18402	1
481130184022	519	325	48	113	18402	2
481130190141	520	1311	48	113	19014	1
481130062003	521	778	48	113	6200	3
481130062001	522	373	48	113	6200	1
481130062005	523	443	48	113	6200	5
481130062004	524	1154	48	113	6200	4
481130190251	525	632	48	113	19025	1
481130190252	526	768	48	113	19025	2
481130190341	527	1155	48	113	19034	1
481130190342	528	1804	48	113	19034	2
481130192025	529	897	48	113	19202	5
481130192024	530	321	48	113	19202	4
481130192021	531	376	48	113	19202	1
481130192022	532	532	48	113	19202	2
481130192023	533	619	48	113	19202	3
481130130091	534	526	48	113	13009	1
481130130092	535	835	48	113	13009	2
481130130093	536	1096	48	113	13009	3
481130132004	537	563	48	113	13200	4
481130132001	538	951	48	113	13200	1
481130132003	539	755	48	113	13200	3
481130132002	540	1455	48	113	13200	2
481130136061	541	1521	48	113	13606	1
481130136063	542	1298	48	113	13606	3
481130136062	543	589	48	113	13606	2
481130136082	544	569	48	113	13608	2
481130136081	545	550	48	113	13608	1
481130136161	546	1960	48	113	13616	1
481130136162	547	2320	48	113	13616	2
481130136191	548	1531	48	113	13619	1
481130136192	549	668	48	113	13619	2
481130136193	550	791	48	113	13619	3
481130137141	551	870	48	113	13714	1
481130137144	552	830	48	113	13714	4
481130137142	553	822	48	113	13714	2
481130141165	554	696	48	113	14116	5
481130141203	555	874	48	113	14120	3
481130141202	556	768	48	113	14120	2
481130141201	557	1158	48	113	14120	1
481130143074	558	640	48	113	14307	4
481130143072	559	542	48	113	14307	2
481130143073	560	418	48	113	14307	3
481130143075	561	459	48	113	14307	5
481130143071	562	469	48	113	14307	1
481130144071	563	1454	48	113	14407	1
481130144073	564	935	48	113	14407	3
481130144072	565	666	48	113	14407	2
481130149011	566	685	48	113	14901	1
481130153042	567	1707	48	113	15304	2
481130153041	568	237	48	113	15304	1
481130164061	569	984	48	113	16406	1
481130164063	570	588	48	113	16406	3
481130164062	571	655	48	113	16406	2
481130164064	572	473	48	113	16406	4
481130165095	573	636	48	113	16509	5
481130165094	574	295	48	113	16509	4
481130165093	575	446	48	113	16509	3
481130021001	576	537	48	113	2100	1
481130041002	577	240	48	113	4100	2
481130196001	578	580	48	113	19600	1
481130196002	579	409	48	113	19600	2
481130198001	580	893	48	113	19800	1
481130198004	581	379	48	113	19800	4
481130198002	582	419	48	113	19800	2
481130198003	583	663	48	113	19800	3
481130002021	584	655	48	113	202	1
481130002022	585	755	48	113	202	2
481130094011	586	959	48	113	9401	1
481130094013	587	434	48	113	9401	3
481130094012	588	666	48	113	9401	2
481130122043	589	750	48	113	12204	3
481130122042	590	206	48	113	12204	2
481130122045	591	1228	48	113	12204	5
481130122044	592	1226	48	113	12204	4
481130122041	593	362	48	113	12204	1
481130137131	594	515	48	113	13713	1
481130170015	595	1049	48	113	17001	5
481130170012	596	320	48	113	17001	2
481130170013	597	949	48	113	17001	3
481130170011	598	165	48	113	17001	1
481130170014	599	955	48	113	17001	4
481130177033	600	278	48	113	17703	3
481130177031	601	655	48	113	17703	1
481130177032	602	496	48	113	17703	2
481130177034	603	902	48	113	17703	4
481130078101	604	0	48	113	7810	1
481130078102	605	643	48	113	7810	2
481130078103	606	743	48	113	7810	3
481130078104	607	1082	48	113	7810	4
481130173043	608	1869	48	113	17304	3
481130173041	609	499	48	113	17304	1
481130173042	610	1993	48	113	17304	2
481130173051	611	1555	48	113	17305	1
481130173052	612	3967	48	113	17305	2
481130176041	613	551	48	113	17604	1
481130176042	614	966	48	113	17604	2
481130181114	615	1466	48	113	18111	4
481130181113	616	947	48	113	18111	3
481130181112	617	414	48	113	18111	2
481130181111	618	717	48	113	18111	1
481130181302	619	1490	48	113	18130	2
481130181301	620	823	48	113	18130	1
481130183002	621	166	48	113	18300	2
481130110015	622	251	48	113	11001	5
481130110011	623	445	48	113	11001	1
481130110014	624	649	48	113	11001	4
481130110012	625	565	48	113	11001	2
481130110013	626	669	48	113	11001	3
481130110016	627	503	48	113	11001	6
481130122062	628	540	48	113	12206	2
481130122063	629	684	48	113	12206	3
481130122061	630	1235	48	113	12206	1
481130125003	631	1143	48	113	12500	3
481130125005	632	870	48	113	12500	5
481130125004	633	462	48	113	12500	4
481130125002	634	551	48	113	12500	2
481130125001	635	1115	48	113	12500	1
481130130071	636	1131	48	113	13007	1
481130130072	637	454	48	113	13007	2
481130130073	638	438	48	113	13007	3
481130136052	639	535	48	113	13605	2
481130162023	640	844	48	113	16202	3
481130162024	641	961	48	113	16202	4
481130163022	642	527	48	113	16302	2
481130163021	643	474	48	113	16302	1
481130164013	644	583	48	113	16401	3
481130164011	645	3899	48	113	16401	1
481130164012	646	1368	48	113	16401	2
481130164113	647	743	48	113	16411	3
481130164114	648	737	48	113	16411	4
481130164112	649	1813	48	113	16411	2
481130164111	650	1237	48	113	16411	1
481130165142	651	766	48	113	16514	2
481130165141	652	685	48	113	16514	1
481130166111	653	2573	48	113	16611	1
481130166113	654	351	48	113	16611	3
481130090005	655	1158	48	113	9000	5
481130096033	656	1246	48	113	9603	3
481130096031	657	523	48	113	9603	1
481130097021	658	595	48	113	9702	1
481130097022	659	1244	48	113	9702	2
481130152021	660	816	48	113	15202	1
481130144032	661	444	48	113	14403	2
481130144031	662	812	48	113	14403	1
481130152022	663	1104	48	113	15202	2
481130153031	664	798	48	113	15303	1
481130153032	665	190	48	113	15303	2
481130154032	666	449	48	113	15403	2
481130154031	667	316	48	113	15403	1
481130154033	668	970	48	113	15403	3
481130004012	669	993	48	113	401	2
481130004011	670	1219	48	113	401	1
481130004013	671	712	48	113	401	3
481130005002	672	1307	48	113	500	2
481130005001	673	685	48	113	500	1
481130005004	674	870	48	113	500	4
481130080002	675	541	48	113	8000	2
481130080006	676	651	48	113	8000	6
481130080003	677	570	48	113	8000	3
481130080001	678	729	48	113	8000	1
481130080005	679	390	48	113	8000	5
481130080004	680	426	48	113	8000	4
481130084002	681	534	48	113	8400	2
481130084001	682	440	48	113	8400	1
481130084005	683	396	48	113	8400	5
481130084006	684	647	48	113	8400	6
481130084004	685	688	48	113	8400	4
481130084007	686	334	48	113	8400	7
481130084003	687	550	48	113	8400	3
481130087014	688	315	48	113	8701	4
481130087011	689	376	48	113	8701	1
481130087012	690	356	48	113	8701	2
481130087015	691	548	48	113	8701	5
481130087013	692	113	48	113	8701	3
481130087032	693	543	48	113	8703	2
481130087031	694	480	48	113	8703	1
481130090002	695	861	48	113	9000	2
481130090003	696	429	48	113	9000	3
481130090004	697	448	48	113	9000	4
481130090001	698	554	48	113	9000	1
481130091042	699	1013	48	113	9104	2
481130091041	700	724	48	113	9104	1
481130093013	701	858	48	113	9301	3
481130093012	702	497	48	113	9301	2
481130093011	703	904	48	113	9301	1
481130096094	704	469	48	113	9609	4
481130096093	705	479	48	113	9609	3
481130096092	706	395	48	113	9609	2
481130096091	707	329	48	113	9609	1
481130098042	708	485	48	113	9804	2
481130098041	709	1386	48	113	9804	1
481130098043	710	1318	48	113	9804	3
481130101022	711	728	48	113	10102	2
481130101023	712	449	48	113	10102	3
481130101021	713	146	48	113	10102	1
481130107041	714	1575	48	113	10704	1
481130117021	715	585	48	113	11702	1
481130111031	716	379	48	113	11103	1
481130111033	717	712	48	113	11103	3
481130111032	718	560	48	113	11103	2
481130117022	719	1187	48	113	11702	2
481130117023	720	573	48	113	11702	3
481130121001	721	703	48	113	12100	1
481130123022	722	1436	48	113	12302	2
481130145012	723	682	48	113	14501	2
481130145013	724	522	48	113	14501	3
481130153052	725	1230	48	113	15305	2
481130153051	726	571	48	113	15305	1
481130153053	727	736	48	113	15305	3
481130154011	728	1016	48	113	15401	1
481130136054	729	868	48	113	13605	4
481130136051	730	727	48	113	13605	1
481130136053	731	802	48	113	13605	3
481130137112	732	1344	48	113	13711	2
481130137111	733	483	48	113	13711	1
481130137122	734	557	48	113	13712	2
481130137121	735	820	48	113	13712	1
481130187005	736	927	48	113	18700	5
481130187002	737	319	48	113	18700	2
481130188021	738	319	48	113	18802	1
481130190282	739	605	48	113	19028	2
481130190283	740	447	48	113	19028	3
481130190281	741	927	48	113	19028	1
481130181321	742	1587	48	113	18132	1
481130181323	743	971	48	113	18132	3
481130181322	744	458	48	113	18132	2
481130185013	745	693	48	113	18501	3
481130185011	746	947	48	113	18501	1
481130185012	747	368	48	113	18501	2
481130188013	748	392	48	113	18801	3
481130188014	749	492	48	113	18801	4
481130188011	750	564	48	113	18801	1
481130188012	751	1047	48	113	18801	2
481130190265	752	392	48	113	19026	5
481130190263	753	626	48	113	19026	3
481130190264	754	602	48	113	19026	4
481130190261	755	899	48	113	19026	1
481130190262	756	335	48	113	19026	2
481130098031	757	722	48	113	9803	1
481130098032	758	169	48	113	9803	2
481130098033	759	272	48	113	9803	3
481130107011	760	2087	48	113	10701	1
481130107012	761	347	48	113	10701	2
481130116023	762	1045	48	113	11602	3
481130116021	763	550	48	113	11602	1
481130116022	764	800	48	113	11602	2
481130116024	765	538	48	113	11602	4
481130136071	766	631	48	113	13607	1
481130136073	767	307	48	113	13607	3
481130136072	768	400	48	113	13607	2
481130136074	769	533	48	113	13607	4
481130118003	770	792	48	113	11800	3
481130118001	771	631	48	113	11800	1
481130063013	772	222	48	113	6301	3
481130063015	773	267	48	113	6301	5
481130063014	774	603	48	113	6301	4
481130063011	775	940	48	113	6301	1
481130063012	776	359	48	113	6301	2
481130063016	777	542	48	113	6301	6
481130065012	778	1132	48	113	6501	2
481130065011	779	1118	48	113	6501	1
481130073011	780	494	48	113	7301	1
481130073012	781	431	48	113	7301	2
481130073022	782	459	48	113	7302	2
481130073021	783	495	48	113	7302	1
481130073023	784	773	48	113	7302	3
481130073024	785	909	48	113	7302	4
481130076043	786	565	48	113	7604	3
481130076041	787	541	48	113	7604	1
481130076042	788	400	48	113	7604	2
481130076052	789	587	48	113	7605	2
481130076051	790	290	48	113	7605	1
481130078111	791	1028	48	113	7811	1
481130078112	792	895	48	113	7811	2
481130079061	793	456	48	113	7906	1
481130079062	794	738	48	113	7906	2
481130169022	795	590	48	113	16902	2
481130169023	796	363	48	113	16902	3
481130169021	797	788	48	113	16902	1
481130192082	798	963	48	113	19208	2
481130192083	799	1276	48	113	19208	3
481130192081	800	1327	48	113	19208	1
481130195022	801	628	48	113	19502	2
481130195021	802	173	48	113	19502	1
481130195023	803	871	48	113	19502	3
481130195024	804	418	48	113	19502	4
481130197002	805	405	48	113	19700	2
481130197001	806	371	48	113	19700	1
481130178072	807	872	48	113	17807	2
481130178074	808	789	48	113	17807	4
481130178071	809	638	48	113	17807	1
481130178073	810	735	48	113	17807	3
481130178075	811	562	48	113	17807	5
481130181221	812	4264	48	113	18122	1
481130015032	813	659	48	113	1503	2
481130018001	814	999	48	113	1800	1
481130018002	815	3490	48	113	1800	2
481130037003	816	260	48	113	3700	3
481130037004	817	104	48	113	3700	4
481130037001	818	439	48	113	3700	1
481130037002	819	410	48	113	3700	2
481130038003	820	284	48	113	3800	3
481130038002	821	461	48	113	3800	2
481130038001	822	251	48	113	3800	1
481130045004	823	958	48	113	4500	4
481130045001	824	230	48	113	4500	1
481130045003	825	989	48	113	4500	3
481130045002	826	891	48	113	4500	2
481130166051	827	1133	48	113	16605	1
481130166203	828	820	48	113	16620	3
481130166201	829	393	48	113	16620	1
481130166202	830	1443	48	113	16620	2
481130167053	831	757	48	113	16705	3
481130167051	832	1438	48	113	16705	1
481130167052	833	1422	48	113	16705	2
481130168033	834	1359	48	113	16803	3
481130168032	835	677	48	113	16803	2
481130168031	836	542	48	113	16803	1
481130169031	837	347	48	113	16903	1
481130169034	838	691	48	113	16903	4
481130169032	839	548	48	113	16903	2
481130169033	840	698	48	113	16903	3
481130169035	841	299	48	113	16903	5
481130177023	842	619	48	113	17702	3
481130177021	843	1627	48	113	17702	1
481130177022	844	1029	48	113	17702	2
481130177044	845	444	48	113	17704	4
481130177041	846	1359	48	113	17704	1
481130177042	847	430	48	113	17704	2
481130177043	848	510	48	113	17704	3
481130180013	849	748	48	113	18001	3
481130180011	850	515	48	113	18001	1
481130180012	851	515	48	113	18001	2
481130180014	852	430	48	113	18001	4
481130180015	853	778	48	113	18001	5
481130192114	854	807	48	113	19211	4
481130199002	855	387	48	113	19900	2
481130199001	856	681	48	113	19900	1
481130199003	857	490	48	113	19900	3
481130199004	858	500	48	113	19900	4
481130001001	859	1129	48	113	100	1
481130001002	860	848	48	113	100	2
481130001003	861	535	48	113	100	3
481130004052	862	730	48	113	405	2
481130004051	863	773	48	113	405	1
481130006013	864	930	48	113	601	3
481130006014	865	873	48	113	601	4
481130006011	866	478	48	113	601	1
481130006015	867	1159	48	113	601	5
481130006012	868	714	48	113	601	2
481130027011	869	270	48	113	2701	1
481130007011	870	1815	48	113	701	1
481130007012	871	2352	48	113	701	2
481130027012	872	544	48	113	2701	2
481130027014	873	193	48	113	2701	4
481130027013	874	299	48	113	2701	3
481130040001	875	302	48	113	4000	1
481130040002	876	162	48	113	4000	2
481130154013	877	340	48	113	15401	3
481130154015	878	392	48	113	15401	5
481130154012	879	414	48	113	15401	2
481130154014	880	398	48	113	15401	4
481130154016	881	1582	48	113	15401	6
481130155001	882	581	48	113	15500	1
481130155002	883	388	48	113	15500	2
481130155003	884	649	48	113	15500	3
481130157002	885	643	48	113	15700	2
481130157001	886	708	48	113	15700	1
481130165112	887	1184	48	113	16511	2
481130165111	888	1111	48	113	16511	1
481130165133	889	1407	48	113	16513	3
481130165131	890	558	48	113	16513	1
481130165132	891	607	48	113	16513	2
481130166102	892	492	48	113	16610	2
481130166103	893	832	48	113	16610	3
481130166104	894	786	48	113	16610	4
481130166101	895	453	48	113	16610	1
481130181243	896	3579	48	113	18124	3
481130181242	897	1737	48	113	18124	2
481130137182	898	945	48	113	13718	2
481130137183	899	1071	48	113	13718	3
481130137181	900	717	48	113	13718	1
481130137201	901	1521	48	113	13720	1
481130091012	902	579	48	113	9101	2
481130091014	903	787	48	113	9101	4
481130091011	904	339	48	113	9101	1
481130091013	905	548	48	113	9101	3
481130097012	906	709	48	113	9701	2
481130097013	907	961	48	113	9701	3
481130097011	908	1199	48	113	9701	1
481130108011	909	853	48	113	10801	1
481130108012	910	542	48	113	10801	2
481130108013	911	1890	48	113	10801	3
481130108014	912	734	48	113	10801	4
481130111043	913	465	48	113	11104	3
481130111041	914	540	48	113	11104	1
481130111044	915	199	48	113	11104	4
481130111042	916	224	48	113	11104	2
481130120001	917	393	48	113	12000	1
481130120003	918	977	48	113	12000	3
481130120002	919	615	48	113	12000	2
481130122072	920	1331	48	113	12207	2
481130122071	921	525	48	113	12207	1
481130122073	922	1433	48	113	12207	3
481130123013	923	546	48	113	12301	3
481130123011	924	1209	48	113	12301	1
481130123012	925	486	48	113	12301	2
481130050002	926	500	48	113	5000	2
481130050001	927	477	48	113	5000	1
481130050003	928	868	48	113	5000	3
481130069002	929	638	48	113	6900	2
481130069001	930	324	48	113	6900	1
481130069003	931	698	48	113	6900	3
481130072023	932	880	48	113	7202	3
481130087043	933	355	48	113	8704	3
481130087042	934	563	48	113	8704	2
481130087041	935	632	48	113	8704	1
481130093041	936	433	48	113	9304	1
481130093042	937	390	48	113	9304	2
481130093044	938	720	48	113	9304	4
481130093043	939	290	48	113	9304	3
481130095001	940	625	48	113	9500	1
481130095002	941	687	48	113	9500	2
481130112003	942	583	48	113	11200	3
481130112002	943	720	48	113	11200	2
481130112001	944	1515	48	113	11200	1
481130115004	945	395	48	113	11500	4
481130115003	946	191	48	113	11500	3
481130115002	947	698	48	113	11500	2
481130115001	948	266	48	113	11500	1
481130117011	949	551	48	113	11701	1
481130117014	950	1101	48	113	11701	4
481130117012	951	810	48	113	11701	2
481130117013	952	275	48	113	11701	3
481130119004	953	504	48	113	11900	4
481130119003	954	668	48	113	11900	3
481130119002	955	549	48	113	11900	2
481130181222	956	1407	48	113	18122	2
481130181223	957	3155	48	113	18122	3
481130152062	958	741	48	113	15206	2
481130152063	959	463	48	113	15206	3
481130152061	960	1122	48	113	15206	1
481130142042	961	624	48	113	14204	2
481130142041	962	758	48	113	14204	1
481130143102	963	964	48	113	14310	2
481130143103	964	721	48	113	14310	3
481130143101	965	779	48	113	14310	1
481130146031	966	909	48	113	14603	1
481130160021	967	661	48	113	16002	1
481130180021	968	693	48	113	18002	1
481130180022	969	816	48	113	18002	2
481130181272	970	556	48	113	18127	2
481130181271	971	1081	48	113	18127	1
481130185032	972	1388	48	113	18503	2
481130185031	973	1132	48	113	18503	1
481130182032	974	848	48	113	18203	2
481130182033	975	1371	48	113	18203	3
481130182031	976	849	48	113	18203	1
481130182051	977	1075	48	113	18205	1
481130182052	978	1468	48	113	18205	2
481130186002	979	237	48	113	18600	2
481130186001	980	938	48	113	18600	1
481130186003	981	609	48	113	18600	3
481130189003	982	581	48	113	18900	3
481130189004	983	381	48	113	18900	4
481130189001	984	800	48	113	18900	1
481130189002	985	1306	48	113	18900	2
481130190232	986	690	48	113	19023	2
481130190231	987	1214	48	113	19023	1
481130190233	988	504	48	113	19023	3
481130190234	989	608	48	113	19023	4
481130057003	990	271	48	113	5700	3
481130057001	991	461	48	113	5700	1
481130057002	992	492	48	113	5700	2
481130057004	993	350	48	113	5700	4
481130065021	994	578	48	113	6502	1
481130065022	995	876	48	113	6502	2
481130065023	996	562	48	113	6502	3
481130067003	997	739	48	113	6700	3
481130067001	998	774	48	113	6700	1
481130067004	999	677	48	113	6700	4
481130067002	1000	1328	48	113	6700	2
481130078091	1001	383	48	113	7809	1
481130078092	1002	884	48	113	7809	2
481130078181	1003	917	48	113	7818	1
481130137202	1004	829	48	113	13720	2
481130137203	1005	889	48	113	13720	3
481130138034	1006	666	48	113	13803	4
481130138036	1007	601	48	113	13803	6
481130138031	1008	596	48	113	13803	1
481130138032	1009	684	48	113	13803	2
481130138033	1010	308	48	113	13803	3
481130138035	1011	640	48	113	13803	5
481130141031	1012	469	48	113	14103	1
481130141032	1013	1475	48	113	14103	2
481130141155	1014	542	48	113	14115	5
481130141156	1015	610	48	113	14115	6
481130141154	1016	580	48	113	14115	4
481130141151	1017	865	48	113	14115	1
481130141152	1018	631	48	113	14115	2
481130141153	1019	889	48	113	14115	3
481130141261	1020	1812	48	113	14126	1
481130141262	1021	1384	48	113	14126	2
481130141263	1022	760	48	113	14126	3
481130143061	1023	904	48	113	14306	1
481130143064	1024	490	48	113	14306	4
481130143063	1025	613	48	113	14306	3
481130143062	1026	835	48	113	14306	2
481130145011	1027	439	48	113	14501	1
481130127014	1028	900	48	113	12701	4
481130127011	1029	694	48	113	12701	1
481130127013	1030	763	48	113	12701	3
481130127012	1031	332	48	113	12701	2
481130136181	1032	787	48	113	13618	1
481130136182	1033	472	48	113	13618	2
481130096052	1034	816	48	113	9605	2
481130096051	1035	1159	48	113	9605	1
481130078121	1036	972	48	113	7812	1
481130078122	1037	735	48	113	7812	2
481130082001	1038	429	48	113	8200	1
481130085004	1039	572	48	113	8500	4
481130085003	1040	598	48	113	8500	3
481130086032	1041	161	48	113	8603	2
481130086031	1042	209	48	113	8603	1
481130086041	1043	495	48	113	8604	1
481130086042	1044	350	48	113	8604	2
481130088011	1045	416	48	113	8801	1
481130088013	1046	328	48	113	8801	3
481130088012	1047	528	48	113	8801	2
481130092021	1048	1036	48	113	9202	1
481130092022	1049	580	48	113	9202	2
481130092023	1050	1007	48	113	9202	3
481130096041	1051	893	48	113	9604	1
481130096044	1052	615	48	113	9604	4
481130096042	1053	444	48	113	9604	2
481130096043	1054	753	48	113	9604	3
481130096072	1055	657	48	113	9607	2
481130096071	1056	759	48	113	9607	1
481130096073	1057	652	48	113	9607	3
481130096082	1058	408	48	113	9608	2
481130096083	1059	1019	48	113	9608	3
481130096081	1060	466	48	113	9608	1
481130192051	1061	1035	48	113	19205	1
481130192053	1062	465	48	113	19205	3
481130061002	1063	997	48	113	6100	2
481130061001	1064	890	48	113	6100	1
481130078191	1065	1264	48	113	7819	1
481130079031	1066	824	48	113	7903	1
481130079032	1067	514	48	113	7903	2
481130190393	1068	424	48	113	19039	3
481130131042	1069	461	48	113	13104	2
481130131041	1070	148	48	113	13104	1
481130131052	1071	1736	48	113	13105	2
481130131054	1072	1011	48	113	13105	4
481130131053	1073	1241	48	113	13105	3
481130098044	1074	1000	48	113	9804	4
481130131051	1075	908	48	113	13105	1
481130064011	1076	670	48	113	6401	1
481130064012	1077	647	48	113	6401	2
481130141301	1078	898	48	113	14130	1
481130141302	1079	1051	48	113	14130	2
481130141303	1080	820	48	113	14130	3
481130141382	1081	1102	48	113	14138	2
481130141383	1082	420	48	113	14138	3
481130141381	1083	1087	48	113	14138	1
481130142064	1084	2117	48	113	14206	4
481130141361	1085	1597	48	113	14136	1
481130119006	1086	461	48	113	11900	6
481130119005	1087	765	48	113	11900	5
481130118005	1088	668	48	113	11800	5
481130181351	1089	994	48	113	18135	1
481130181352	1090	1266	48	113	18135	2
481130166222	1091	651	48	113	16622	2
481130166221	1092	1345	48	113	16622	1
481130166242	1093	835	48	113	16624	2
481130166241	1094	706	48	113	16624	1
481130126041	1095	1703	48	113	12604	1
481130176052	1096	644	48	113	17605	2
481130176051	1097	975	48	113	17605	1
481130176063	1098	1068	48	113	17606	3
481130136252	1099	1691	48	113	13625	2
481130107042	1100	958	48	113	10704	2
481130137262	1101	1563	48	113	13726	2
481130137261	1102	508	48	113	13726	1
481130192132	1103	1246	48	113	19213	2
481130192131	1104	335	48	113	19213	1
481130190382	1105	185	48	113	19038	2
481130190381	1106	643	48	113	19038	1
481130190394	1107	1031	48	113	19039	4
481130190392	1108	489	48	113	19039	2
481130190391	1109	743	48	113	19039	1
481130190395	1110	144	48	113	19039	5
481130190396	1111	375	48	113	19039	6
481130164014	1112	184	48	113	16401	4
481130182034	1113	403	48	113	18203	4
481130006061	1114	846	48	113	606	1
481130079141	1115	1259	48	113	7914	1
481130142062	1116	922	48	113	14206	2
481130079142	1117	426	48	113	7914	2
481130142063	1118	667	48	113	14206	3
481130142061	1119	1191	48	113	14206	1
481130165202	1120	2005	48	113	16520	2
481130165201	1121	782	48	113	16520	1
481130192123	1122	718	48	113	19212	3
481130192122	1123	674	48	113	19212	2
481130192121	1124	816	48	113	19212	1
481130185062	1125	763	48	113	18506	2
481130137152	1126	768	48	113	13715	2
481130190404	1127	465	48	113	19040	4
481130190401	1128	827	48	113	19040	1
481130190411	1129	836	48	113	19041	1
481130190412	1130	443	48	113	19041	2
481130190413	1131	378	48	113	19041	3
481130137253	1132	948	48	113	13725	3
481130190273	1133	1267	48	113	19027	3
481130190272	1134	1348	48	113	19027	2
481130078044	1135	1203	48	113	7804	4
481130166152	1136	1593	48	113	16615	2
481130166162	1137	2139	48	113	16616	2
481130165203	1138	1237	48	113	16520	3
481130108053	1139	1154	48	113	10805	3
481130108051	1140	1083	48	113	10805	1
481130108052	1141	472	48	113	10805	2
481130108042	1142	1025	48	113	10804	2
481130108041	1143	1271	48	113	10804	1
481130064021	1144	918	48	113	6402	1
481130017032	1145	1237	48	113	1703	2
481130017033	1146	1145	48	113	1703	3
481130126031	1147	539	48	113	12603	1
481130017031	1148	792	48	113	1703	1
481130109032	1149	844	48	113	10903	2
481130109031	1150	991	48	113	10903	1
481130126032	1151	571	48	113	12603	2
481130173044	1152	1167	48	113	17304	4
481130181411	1153	929	48	113	18141	1
481130181413	1154	790	48	113	18141	3
481130181412	1155	492	48	113	18141	2
481130181422	1156	977	48	113	18142	2
481130181421	1157	761	48	113	18142	1
481130079131	1158	1019	48	113	7913	1
481130079132	1159	767	48	113	7913	2
481130079133	1160	352	48	113	7913	3
481130166232	1161	1067	48	113	16623	2
481130166231	1162	2162	48	113	16623	1
481130166212	1163	785	48	113	16621	2
481130166211	1164	914	48	113	16621	1
481130166263	1165	696	48	113	16626	3
481130166213	1166	1104	48	113	16621	3
481130166261	1167	1202	48	113	16626	1
481130166262	1168	941	48	113	16626	2
481130166251	1169	2238	48	113	16625	1
481130166253	1170	1376	48	113	16625	3
481130019002	1171	2719	48	113	1900	2
481130205001	1172	115	48	113	20500	1
481130205002	1173	1624	48	113	20500	2
481130203003	1174	261	48	113	20300	3
481130203001	1175	144	48	113	20300	1
481130203002	1176	533	48	113	20300	2
481130204002	1177	1478	48	113	20400	2
481130204003	1178	2398	48	113	20400	3
481130204001	1179	1399	48	113	20400	1
481130064024	1180	453	48	113	6402	4
481130064023	1181	285	48	113	6402	3
481130064022	1182	936	48	113	6402	2
481130136241	1183	893	48	113	13624	1
481130136203	1184	1346	48	113	13620	3
481130136202	1185	569	48	113	13620	2
481130136201	1186	842	48	113	13620	1
481130136242	1187	684	48	113	13624	2
481130136243	1188	1186	48	113	13624	3
481130144083	1189	1065	48	113	14408	3
481130181402	1190	1411	48	113	18140	2
481130181342	1191	664	48	113	18134	2
481130181343	1192	940	48	113	18134	3
481130144033	1193	1406	48	113	14403	3
481130166252	1194	1987	48	113	16625	2
481130096103	1195	787	48	113	9610	3
481130143122	1196	833	48	113	14312	2
481130143124	1197	650	48	113	14312	4
481130143123	1198	515	48	113	14312	3
481130143121	1199	1109	48	113	14312	1
481130142052	1200	407	48	113	14205	2
481130142051	1201	406	48	113	14205	1
481130137271	1202	1398	48	113	13727	1
481130137272	1203	889	48	113	13727	2
481130138051	1204	208	48	113	13805	1
481130138053	1205	1015	48	113	13805	3
481130138052	1206	1289	48	113	13805	2
481130138062	1207	546	48	113	13806	2
481130138061	1208	2199	48	113	13806	1
481130079091	1209	768	48	113	7909	1
481130079092	1210	1036	48	113	7909	2
481130136163	1211	1305	48	113	13616	3
481130072025	1212	921	48	113	7202	5
481130181341	1213	1564	48	113	18134	1
481130181392	1214	917	48	113	18139	2
481130181394	1215	1668	48	113	18139	4
481130181393	1216	828	48	113	18139	3
481130181391	1217	1204	48	113	18139	1
481130181382	1218	1272	48	113	18138	2
481130181381	1219	1573	48	113	18138	1
481130181372	1220	349	48	113	18137	2
481130181371	1221	1743	48	113	18137	1
481130181331	1222	846	48	113	18133	1
481130181332	1223	1252	48	113	18133	2
481130181363	1224	685	48	113	18136	3
481130181361	1225	1043	48	113	18136	1
481130165211	1226	1927	48	113	16521	1
481130165212	1227	1463	48	113	16521	2
481130164132	1228	1801	48	113	16413	2
481130164131	1229	924	48	113	16413	1
481130164133	1230	1278	48	113	16413	3
481130164121	1231	1682	48	113	16412	1
481130164122	1232	1266	48	113	16412	2
481130078182	1233	1117	48	113	7818	2
481130181365	1234	1486	48	113	18136	5
481130181362	1235	504	48	113	18136	2
481130181364	1236	919	48	113	18136	4
481130078184	1237	504	48	113	7818	4
481130136261	1238	1131	48	113	13626	1
481130136262	1239	1223	48	113	13626	2
481130017041	1240	993	48	113	1704	1
481130017042	1241	285	48	113	1704	2
481130006052	1242	1034	48	113	605	2
481130006051	1243	884	48	113	605	1
481130004064	1244	537	48	113	406	4
481130004062	1245	690	48	113	406	2
481130004065	1246	1804	48	113	406	5
481130004061	1247	639	48	113	406	1
481130004063	1248	987	48	113	406	3
481139801001	1249	0	48	113	980100	1
481130006063	1250	329	48	113	606	3
481130006062	1251	806	48	113	606	2
481130078183	1252	413	48	113	7818	3
481130078114	1253	1778	48	113	7811	4
481130078113	1254	581	48	113	7811	3
481130078212	1255	627	48	113	7821	2
481130078213	1256	698	48	113	7821	3
481130082003	1257	756	48	113	8200	3
481130082002	1258	568	48	113	8200	2
481130082004	1259	380	48	113	8200	4
481130004043	1260	767	48	113	404	3
481130002023	1261	1187	48	113	202	3
481130004041	1262	267	48	113	404	1
481130004042	1263	694	48	113	404	2
481130004044	1264	783	48	113	404	4
481130010022	1265	702	48	113	1002	2
481130010021	1266	513	48	113	1002	1
481130013013	1267	481	48	113	1301	3
481130011012	1268	880	48	113	1101	2
481130011011	1269	606	48	113	1101	1
481130011013	1270	1307	48	113	1101	3
481130013011	1271	284	48	113	1301	1
481130013012	1272	752	48	113	1301	2
481130025004	1273	478	48	113	2500	4
481130025003	1274	479	48	113	2500	3
481130025002	1275	735	48	113	2500	2
481130025001	1276	466	48	113	2500	1
481130039021	1277	245	48	113	3902	1
481130039022	1278	435	48	113	3902	2
481130042014	1279	420	48	113	4201	4
481130042011	1280	462	48	113	4201	1
481130099001	1281	887	48	113	9900	1
481130087051	1282	289	48	113	8705	1
481130087052	1283	329	48	113	8705	2
481130099002	1284	1018	48	113	9900	2
481130114011	1285	526	48	113	11401	1
481130114012	1286	612	48	113	11401	2
481130114013	1287	621	48	113	11401	3
481130133002	1288	476	48	113	13300	2
481130133001	1289	569	48	113	13300	1
481130141133	1290	880	48	113	14113	3
481130141135	1291	707	48	113	14113	5
481130141132	1292	462	48	113	14113	2
481130141134	1293	354	48	113	14113	4
481130141131	1294	868	48	113	14113	1
481130144081	1295	971	48	113	14408	1
481130144082	1296	427	48	113	14408	2
481130166151	1297	819	48	113	16615	1
481130171011	1298	614	48	113	17101	1
481130171012	1299	1992	48	113	17101	2
481130161001	1300	1065	48	113	16100	1
481130047002	1301	581	48	113	4700	2
481130047003	1302	676	48	113	4700	3
481130041001	1303	364	48	113	4100	1
481130047001	1304	401	48	113	4700	1
481130088026	1305	173	48	113	8802	6
481130088022	1306	553	48	113	8802	2
481130088023	1307	438	48	113	8802	3
481130088021	1308	248	48	113	8802	1
481130088024	1309	495	48	113	8802	4
481130088025	1310	256	48	113	8802	5
481130089003	1311	812	48	113	8900	3
481130089001	1312	287	48	113	8900	1
481130089002	1313	254	48	113	8900	2
481130091053	1314	399	48	113	9105	3
481130091052	1315	610	48	113	9105	2
481130091051	1316	533	48	113	9105	1
481130092013	1317	581	48	113	9201	3
481130092012	1318	184	48	113	9201	2
481130092014	1319	725	48	113	9201	4
481130137143	1320	1068	48	113	13714	3
481130139023	1321	767	48	113	13902	3
481130139024	1322	669	48	113	13902	4
481130139022	1323	464	48	113	13902	2
481130139021	1324	723	48	113	13902	1
481130168022	1325	954	48	113	16802	2
481130168021	1326	468	48	113	16802	1
481130168023	1327	653	48	113	16802	3
481130171021	1328	943	48	113	17102	1
481130171022	1329	1606	48	113	17102	2
481130051001	1330	754	48	113	5100	1
481130051002	1331	429	48	113	5100	2
481130056001	1332	693	48	113	5600	1
481130056002	1333	700	48	113	5600	2
481130056004	1334	878	48	113	5600	4
481130056003	1335	1203	48	113	5600	3
481130147021	1336	695	48	113	14702	1
481130147022	1337	230	48	113	14702	2
481130147023	1338	809	48	113	14702	3
481130143024	1339	853	48	113	14302	4
481130143021	1340	255	48	113	14302	1
481130143022	1341	252	48	113	14302	2
481130143025	1342	1499	48	113	14302	5
481130143023	1343	705	48	113	14302	3
481130165092	1344	1239	48	113	16509	2
481130165091	1345	764	48	113	16509	1
481130012042	1346	549	48	113	1204	2
481130181283	1347	892	48	113	18128	3
481130181281	1348	1664	48	113	18128	1
481130181282	1349	1078	48	113	18128	2
481130012041	1350	806	48	113	1204	1
481130027022	1351	339	48	113	2702	2
481130027021	1352	294	48	113	2702	1
481130052001	1353	782	48	113	5200	1
481130052003	1354	821	48	113	5200	3
481130052004	1355	330	48	113	5200	4
481130052002	1356	675	48	113	5200	2
481130141193	1357	1127	48	113	14119	3
481130141191	1358	600	48	113	14119	1
481130141192	1359	899	48	113	14119	2
481130130044	1360	683	48	113	13004	4
481130130041	1361	607	48	113	13004	1
481130130043	1362	435	48	113	13004	3
481130130045	1363	588	48	113	13004	5
481130130042	1364	744	48	113	13004	2
481130154041	1365	1554	48	113	15404	1
481130143091	1366	338	48	113	14309	1
481130143092	1367	1400	48	113	14309	2
481130143093	1368	896	48	113	14309	3
481130145021	1369	699	48	113	14502	1
481130145023	1370	567	48	113	14502	3
481130145022	1371	1386	48	113	14502	2
481130152045	1372	696	48	113	15204	5
481130152044	1373	1364	48	113	15204	4
481130152042	1374	412	48	113	15204	2
481130152043	1375	217	48	113	15204	3
481130152046	1376	867	48	113	15204	6
481130152041	1377	437	48	113	15204	1
481130152053	1378	1197	48	113	15205	3
481130152052	1379	815	48	113	15205	2
481130152051	1380	318	48	113	15205	1
481130159002	1381	413	48	113	15900	2
481130159001	1382	441	48	113	15900	1
481130159003	1383	972	48	113	15900	3
481130166161	1384	1361	48	113	16616	1
481130167011	1385	674	48	113	16701	1
481130167014	1386	1048	48	113	16701	4
481130178052	1387	538	48	113	17805	2
481130176021	1388	938	48	113	17602	1
481130176022	1389	1035	48	113	17602	2
481130178055	1390	525	48	113	17805	5
481130178053	1391	225	48	113	17805	3
481130178054	1392	1076	48	113	17805	4
481130178051	1393	381	48	113	17805	1
481130106011	1394	806	48	113	10601	1
481130106013	1395	278	48	113	10601	3
481130106012	1396	1569	48	113	10601	2
481130106021	1397	740	48	113	10602	1
481130106022	1398	488	48	113	10602	2
481130109021	1399	1572	48	113	10902	1
481130109022	1400	633	48	113	10902	2
481130109023	1401	1173	48	113	10902	3
481130113001	1402	941	48	113	11300	1
481130113003	1403	507	48	113	11300	3
481130113002	1404	740	48	113	11300	2
481130122091	1405	934	48	113	12209	1
481130122092	1406	893	48	113	12209	2
481130167013	1407	431	48	113	16701	3
481130167012	1408	427	48	113	16701	2
481130154043	1409	430	48	113	15404	3
481130154042	1410	227	48	113	15404	2
481130165191	1411	525	48	113	16519	1
481130165192	1412	588	48	113	16519	2
481130181212	1413	1434	48	113	18121	2
481130175001	1414	411	48	113	17500	1
481130175003	1415	1096	48	113	17500	3
481130175002	1416	425	48	113	17500	2
481130181211	1417	1706	48	113	18121	1
481130166191	1418	803	48	113	16619	1
481130166192	1419	649	48	113	16619	2
481130166193	1420	333	48	113	16619	3
481130137192	1421	1025	48	113	13719	2
481130137191	1422	1236	48	113	13719	1
481130142032	1423	457	48	113	14203	2
481130142033	1424	1220	48	113	14203	3
481130142031	1425	405	48	113	14203	1
481130149021	1426	507	48	113	14902	1
481130149022	1427	883	48	113	14902	2
481130172014	1428	634	48	113	17201	4
481130172011	1429	323	48	113	17201	1
481130172015	1430	477	48	113	17201	5
481130172013	1431	393	48	113	17201	3
481130172012	1432	658	48	113	17201	2
481130167041	1433	1152	48	113	16704	1
481130167042	1434	985	48	113	16704	2
481130059021	1435	681	48	113	5902	1
481130059022	1436	1212	48	113	5902	2
481130190142	1437	529	48	113	19014	2
481130190144	1438	980	48	113	19014	4
481130190143	1439	777	48	113	19014	3
481130190202	1440	1227	48	113	19020	2
481130190201	1441	399	48	113	19020	1
481130020003	1442	88	48	113	2000	3
481130020005	1443	941	48	113	2000	5
481130020001	1444	1645	48	113	2000	1
481130020002	1445	439	48	113	2000	2
481130020004	1446	617	48	113	2000	4
481130071011	1447	935	48	113	7101	1
481130071012	1448	307	48	113	7101	2
481130078051	1449	444	48	113	7805	1
481130181264	1450	710	48	113	18126	4
481130181262	1451	923	48	113	18126	2
481130181265	1452	757	48	113	18126	5
481130181263	1453	877	48	113	18126	3
481130181261	1454	488	48	113	18126	1
481130078052	1455	425	48	113	7805	2
481130078053	1456	633	48	113	7805	3
481130105001	1457	573	48	113	10500	1
481130105002	1458	488	48	113	10500	2
481130131012	1459	346	48	113	13101	2
481130131013	1460	517	48	113	13101	3
481130131011	1461	486	48	113	13101	1
481130137222	1462	1706	48	113	13722	2
481130137221	1463	1202	48	113	13722	1
481130062002	1464	346	48	113	6200	2
481130193013	1465	496	48	113	19301	3
481130193023	1466	262	48	113	19302	3
481130193011	1467	511	48	113	19301	1
481130193012	1468	512	48	113	19301	2
481130193024	1469	842	48	113	19302	4
481130193022	1470	618	48	113	19302	2
481130193021	1471	466	48	113	19302	1
481130003001	1472	678	48	113	300	1
481130003003	1473	1111	48	113	300	3
481130003002	1474	1062	48	113	300	2
481130006033	1475	625	48	113	603	3
481130006032	1476	1056	48	113	603	2
481130006034	1477	1250	48	113	603	4
481130006031	1478	623	48	113	603	1
481130005003	1479	1752	48	113	500	3
481130009001	1480	530	48	113	900	1
481130009003	1481	283	48	113	900	3
481130009002	1482	1209	48	113	900	2
481130009004	1483	1167	48	113	900	4
481130013022	1484	197	48	113	1302	2
481130013023	1485	654	48	113	1302	3
481130013021	1486	475	48	113	1302	1
481130014002	1487	553	48	113	1400	2
481130014001	1488	848	48	113	1400	1
481130014003	1489	588	48	113	1400	3
481130014004	1490	311	48	113	1400	4
481130044002	1491	1143	48	113	4400	2
481130044001	1492	583	48	113	4400	1
481130044003	1493	618	48	113	4400	3
481130046001	1494	509	48	113	4600	1
481130046002	1495	577	48	113	4600	2
481130190291	1496	900	48	113	19029	1
481130190293	1497	1279	48	113	19029	3
481130190292	1498	881	48	113	19029	2
481130192043	1499	416	48	113	19204	3
481130192042	1500	696	48	113	19204	2
481130192045	1501	1938	48	113	19204	5
481130192041	1502	824	48	113	19204	1
481130192044	1503	1176	48	113	19204	4
481130054003	1504	457	48	113	5400	3
481130127022	1505	557	48	113	12702	2
481130127023	1506	610	48	113	12702	3
481130123021	1507	1515	48	113	12302	1
481130123023	1508	877	48	113	12302	3
481130127021	1509	436	48	113	12702	1
481130130054	1510	251	48	113	13005	4
481130130053	1511	340	48	113	13005	3
481130130051	1512	395	48	113	13005	1
481130130052	1513	785	48	113	13005	2
481130130082	1514	1283	48	113	13008	2
481130130081	1515	566	48	113	13008	1
481130134002	1516	584	48	113	13400	2
481130134001	1517	426	48	113	13400	1
481130136102	1518	437	48	113	13610	2
481130136101	1519	817	48	113	13610	1
481130136104	1520	860	48	113	13610	4
481130136103	1521	873	48	113	13610	3
481130136111	1522	775	48	113	13611	1
481130136152	1523	523	48	113	13615	2
481130136151	1524	1150	48	113	13615	1
481130109042	1525	1381	48	113	10904	2
481130109041	1526	400	48	113	10904	1
481130176061	1527	539	48	113	17606	1
481130176062	1528	838	48	113	17606	2
481130141272	1529	721	48	113	14127	2
481130141273	1530	1087	48	113	14127	3
481130141271	1531	3494	48	113	14127	1
481130207001	1532	593	48	113	20700	1
481130207002	1533	1731	48	113	20700	2
481130207003	1534	596	48	113	20700	3
481130200002	1535	1945	48	113	20000	2
481130200001	1536	706	48	113	20000	1
481130202003	1537	458	48	113	20200	3
481130202001	1538	331	48	113	20200	1
481130202002	1539	814	48	113	20200	2
481130201001	1540	487	48	113	20100	1
481130201002	1541	719	48	113	20100	2
481130130113	1542	648	48	113	13011	3
481130206001	1543	371	48	113	20600	1
481130206002	1544	576	48	113	20600	2
481130130111	1545	1073	48	113	13011	1
481130130112	1546	1013	48	113	13011	2
481130185061	1547	1638	48	113	18506	1
481130136221	1548	910	48	113	13622	1
481130136212	1549	1428	48	113	13621	2
481130136222	1550	888	48	113	13622	2
481130079122	1551	653	48	113	7912	2
481130079121	1552	839	48	113	7912	1
481130078221	1553	907	48	113	7822	1
481130078222	1554	0	48	113	7822	2
481130078233	1555	0	48	113	7823	3
481130078232	1556	279	48	113	7823	2
481130078231	1557	377	48	113	7823	1
481130190403	1558	1042	48	113	19040	3
481130190402	1559	1119	48	113	19040	2
481130078211	1560	1039	48	113	7821	1
481130039011	1561	394	48	113	3901	1
481130021002	1562	1071	48	113	2100	2
481130031012	1563	1238	48	113	3101	2
481130126013	1564	1191	48	113	12601	3
481130147032	1565	258	48	113	14703	2
481130130102	1566	680	48	113	13010	2
481130130101	1567	1395	48	113	13010	1
481130130103	1568	824	48	113	13010	3
481130126042	1569	1911	48	113	12604	2
481130188022	1570	345	48	113	18802	2
481130141213	1571	785	48	113	14121	3
481130141212	1572	894	48	113	14121	2
481130141214	1573	1340	48	113	14121	4
481130165232	1574	1034	48	113	16523	2
481130165233	1575	172	48	113	16523	3
481130165231	1576	986	48	113	16523	1
481130165234	1577	287	48	113	16523	4
481130143113	1578	415	48	113	14311	3
481130165222	1579	989	48	113	16522	2
481130165221	1580	757	48	113	16522	1
481130143112	1581	844	48	113	14311	2
481130143111	1582	1240	48	113	14311	1
481130141291	1583	2040	48	113	14129	1
481130141292	1584	1020	48	113	14129	2
481130141283	1585	657	48	113	14128	3
481130141281	1586	678	48	113	14128	1
481130141282	1587	901	48	113	14128	2
481130141362	1588	482	48	113	14136	2
481130141364	1589	1029	48	113	14136	4
481130141363	1590	824	48	113	14136	3
481130141332	1591	650	48	113	14133	2
481130141333	1592	1551	48	113	14133	3
481130141331	1593	1133	48	113	14133	1
481130190194	1594	292	48	113	19019	4
481130170043	1595	1879	48	113	17004	3
481130165104	1596	1427	48	113	16510	4
481130165103	1597	1871	48	113	16510	3
481130181184	1598	1403	48	113	18118	4
481130165143	1599	2132	48	113	16514	3
481130190183	1600	1144	48	113	19018	3
481130190352	1601	1959	48	113	19035	2
481130190353	1602	1131	48	113	19035	3
481130185033	1603	1003	48	113	18503	3
481130096032	1604	1185	48	113	9603	2
481130141371	1605	1950	48	113	14137	1
481130141372	1606	2017	48	113	14137	2
481130136112	1607	725	48	113	13611	2
481130136153	1608	1698	48	113	13615	3
481130177024	1609	851	48	113	17702	4
481130173064	1610	743	48	113	17306	4
481130173063	1611	855	48	113	17306	3
481130190421	1612	945	48	113	19042	1
481130190422	1613	1865	48	113	19042	2
481130190432	1614	1583	48	113	19043	2
481130190433	1615	1620	48	113	19043	3
481130190431	1616	1118	48	113	19043	1
481130181403	1617	1408	48	113	18140	3
481130181401	1618	716	48	113	18140	1
481139800001	1619	0	48	113	980000	1
481130141343	1620	1226	48	113	14134	3
481130141341	1621	675	48	113	14134	1
481130141342	1622	489	48	113	14134	2
481130141353	1623	667	48	113	14135	3
481130141352	1624	673	48	113	14135	2
481130141351	1625	1150	48	113	14135	1
481130141313	1626	915	48	113	14131	3
481130141312	1627	623	48	113	14131	2
481130141314	1628	522	48	113	14131	4
481130141311	1629	532	48	113	14131	1
481130141322	1630	369	48	113	14132	2
481130141321	1631	898	48	113	14132	1
481130185051	1632	1709	48	113	18505	1
481130185052	1633	535	48	113	18505	2
481130136251	1634	413	48	113	13625	1
481130072024	1635	774	48	113	7202	4
481130136233	1636	1621	48	113	13623	3
481130136231	1637	1305	48	113	13623	1
481130136232	1638	1605	48	113	13623	2
481130136211	1639	655	48	113	13621	1
481130136213	1640	739	48	113	13621	3
481130078202	1641	679	48	113	7820	2
481130078201	1642	1013	48	113	7820	1
481130078203	1643	1755	48	113	7820	3
481130079112	1644	866	48	113	7911	2
481130079111	1645	1526	48	113	7911	1
481130065013	1646	870	48	113	6501	3
481130166073	1647	727	48	113	16607	3
481130166112	1648	516	48	113	16611	2
481130079101	1649	1514	48	113	7910	1
481130079102	1650	1011	48	113	7910	2
481130078252	1651	369	48	113	7825	2
481130078254	1652	692	48	113	7825	4
481130078253	1653	378	48	113	7825	3
481130078255	1654	745	48	113	7825	5
481130078251	1655	1032	48	113	7825	1
481130078241	1656	578	48	113	7824	1
481130078242	1657	642	48	113	7824	2
481130078261	1658	357	48	113	7826	1
481130078271	1659	543	48	113	7827	1
481130078273	1660	743	48	113	7827	3
481130078272	1661	477	48	113	7827	2
481130190253	1662	1114	48	113	19025	3
481130140022	1663	34	48	113	14002	2
481130078192	1664	298	48	113	7819	2
481130190203	1665	1048	48	113	19020	3
481130122082	1666	408	48	113	12208	2
481130121003	1667	1214	48	113	12100	3
481130121002	1668	957	48	113	12100	2
481130120004	1669	1278	48	113	12000	4
